7702605100019;acetaminofen 500mg x 100tab;;100;caja;Genfar;10829;1400;14100;;;;;;;;;;
7705959884413;acetaminofen codeina 325/30 table x 10;tabletas ;10;caja;Genfar;8703;;12200;;;;;;;;;;
7703038060970;acetaminofen 100 mg/ml gotas 30ml;gotas 30 ml;30 ml;frasco;laproff;2919;;3500;;;;;;;;;;
7702123009122;coricidin pediatrico gotas 30 ml;gotas 30 ml;30 ml;frasco;;32455;;35700;;;;;;;;;;
7703763780242;acetilcisteina polvo 600mg x 10sobres;10 sobres Granulado;10 sobres;caja;lasante;17956,29;2300;23400;;;;;;;;;;
7702057070748;asa 10mg tabletas cja x 100;tabletas;100;caja;;18073;2300;23500;;;;;;;;;;
7702184010013;acido folico 1mg x 100 table;tabletas;20;frasco;ecar;7867;;10300;;;;;;;;;;
7702184010020;acido folico  5 mg x20tabletas;tabletas;20;caja;ecar;12127;;15750;;;;;;;;;;
7702605100088;acido fusidico 2% crema  15gr tubo;crema;15gr;tubo;genfar;8320;;10800;;;;;;;;;;
7703712033405;albendazol 200mg tabletas ;tabletas;2;caja;coasp;948;;1300;;;;;;;;;;
7703712030701;mebendazol 100mg/s suspensión 30 ml;suspensión;30 ml;frasco;coasp;2519,31;;3300;;;;;;;;;;
7704412080607;alopurinol 100mg tabletas X  30;tabletas;30;caja;memphis;9209;;11900;;;;;;;;;;
7704412080867;alopurinol 300mg tabletas X 30;tabletas;30;caja;memphis;9763;;12700;;;;;;;;;;
7702057713416;hidroxido aluminio  150ml suspension;suspensión;150ml;frasco;mk;11713;;14000;;;;;;;;;;
7702057073602;hidroxido aluminio 360ml suspension;suspension;360ml;frasco;mk;15960;;19000;;;;;;;;;;
7703712030091;hidroxido aluminio +magnesio 150ml suspension;suspension;150ml;frasco;coasp;5036;;6500;;;;;;;;;;
7706263003798;pepsamar tabletas x 100 ;tabletas;100;caja;;25685;3100;30850;;;;;;;;;;
7702195076091;amitriptilina 25 mg tabletas caja X 30;tabletas;30;caja;recipe;2069;;3100;;;;;;;;;;
7702605100392;amlodipino 5mg tabletas caja X 10;tabletas;10;caja;genfar;4387;;5300;;;;;;;;;;
7702605100446;amlodipino 10mg tabletas  caja X 10;tabletas;10;caja;genfar;8022;;9600;;;;;;;;;;
7704412100633;amlodipino 5mg tabletas caja X 10;tabletas;10;caja;menphis;1292;;2000;;;;;;;;;;
7704412100640;amlodipino 10mg tabletas  caja X 10;tabletas;10;caja;menphis;1574;;2500;;;;;;;;;;
7707236122010;ampicilina 500mg solucion inyectable  caja X 1 ;solucion inyectable;1;caja;vitalis;2479;;3500;;;;;;;;;;
7706569000026;amoxacilina 500 mg capsula cajaX 50;capsula ;50;caja;american generics;18286;4100 sobre;4100;;;;;;;;;;
7703763060313;ampicilina 250mg/5ml suspension  frascoX 60ML;suspension;60 ml;frasco;la sante;9167;;12000;;;;;;;;;;
7702184010495;atorvastatina 20 mg x 10tabletas;tabletas;10;caja;ecar;4316;;5600;;;;;;;;;;
7702184011560;atorvastatina 40 mg tabletas caja X 10;tabletas;10;caja;ecar;16115;;19300;;;;;;;;;;
7702605100491;azitromicina 500mg tabletas caja X 3;tabletas;3;caja;genfar;7556;;9000;;;;;;;;;;
7702057070939;azitromicina 500mg tabletas caja X 3;tabletas;3;caja;mk;9644;;11600;;;;;;;;;;
7702605101061;betametasona 0.05% unguento tubo X 40;unguento;40g;tubo;genfar;12438;;14900;;;;;;;;;;
7706569001672;betametasona 0.01% crema tubo X 20G;crema;20g;tubo;american generics;5215;;10400;;;;;;;;;;
7706569020321;betametasona 0.05% crema tubo X20G;crema;20g;tubo;american generics;3949;;7900;;;;;;;;;;
7702605103874;betametasona cotrimazol+ neomicina crema tubo 20g;crema;20g;tubo;genfar;12300;;16000;;;;;;;;;;
7702605104284;betametasona 4mg/ml ampollas caja X 10;ampollas;10;caja;genfar;22608;2900;29000;;;;;;;;;;
7709193551063;betametasona 4mg/1ml ampollas caja X 10;ampollas;10;caja;vitalis;13527;2100;17500;;;;;;;;;;
7709885591438;calcio + vitamina d capsulas frasco X 30;capsulas;30;frasco;benet;15594;;21800;;;;;;;;;;
7896261001855;tegretol retard 200mg gagreas caja 20;gagreas;20;caja;;6786;;7500;;;;;;;;;;
7896261001848;tegretol retard 400mg gagreas caja X 20;gagreas;20;caja;;13593;;14900;;;;;;;;;;
7706569001160;cefalexina 250mg/5ml suspension  frasco 60ML;suspension;60ml;frasco;american generis;5679;;8500;;;;;;;;;;
7706569021168;cefalexina 500mg tabletas caja X 50;tabletas;;caja;american generis;31080;7300;36400;;;;;;;;;;
7704412118898;cetirizina 10mg/ml gotas  frasco 15 ML;gotas;15ml;frasco;memphis;8782;;11500;;;;;;;;;;
7703763610426;cetirizina 5mg/5ml jarabe frasco X 60ML;jarabe;60ml;frasco;la sante;19855;;25400;;;;;;;;;;
7703763610129;cetirizina 10mg/ml tabletas caja X 10;tabletas;10;caja;lasante;4115;XXXXXXX;5400;;;;;;;;;;
7706569001467;cetirizina 10mg tabletas  caja X 10;tabletas;10;caja;american generis;2894;;4300;;;;;;;;;;
7702605100743;ciprofloxacino 500mg tabletas  caja X 10;tabletas;10;caja;genfar;5353;;7000;;;;;;;;;;
7702184020258;clorferinamina jarabe frascoNX 120ML;jarabe;120ml;frasco;ecar;3660;;4800;;;;;;;;;;
7702184331699;clorferinamina 4mg tabletas caja X 20;tabletas;20;caja;ecar;2278;;2950;;;;;;;;;;
7703038065333;clotrimazol 1% solucion   frasco 30ML;solucion ;30ml;frasco;laproff;2910;;4000;;;;;;;;;;
7703763040193;clotrimazol 100 mg tableta vaginal  CAJA X 6;tabletas;6;caja;lasante;11173;;13400;;;;;;;;;;
7702605102310;clotrimazol 1% crema tubo 40g;crema;40g;tubo;genfar;14295;;18600;;;;;;;;;;
7706569001191;clotrimazol 0.01 crema vaginal X 40G;crema;40g;tubo;american generis;8587;;12000;;;;;;;;;;
7709990202793;benlic 0.05% crema topica X 40gG;crema;40g;tubo;;11901;;13100;;;;;;;;;;
7703038067016;colchicina 0.5mg tabletas caja X 40G;tabletas;40;caja;laproff;3971;2000 sobre;6000;;;;;;;;;;
7705959881276;colchicina 0.5mg tabletas caja X 40G;tabletas;40;caja;genfar;12532;4000sobre;16300;;;;;;;;;;
7702184010082;Complejo b caja  250 Grageas;Gragea;250;caja;Ecar;24967;1300;32500;;;;;;;;;;
7702184130193;Complejo b10ml Ampollas;Ampollas;;Frasco;ecar;6129;;7600;;;;;;;;;;
7702605105571;Dexametasona 4 mg Ampollas  caja X 10;Ampollas;;caja;genfar;16677;2600;23500;;;;;;;;;;
7702605105595;Dexametasona 8 mg Ampollas caja X 10;Ampollas;10;caja;genfar;21989;2800;28000;;;;;;;;;;
7702057072230;diclofenaco retard100mg;capsulas;20;caja;mk;10453;3600 sobre;14600;;;;;;;;;;
7702057072193;diclofenaco 50mg tabletas cajaX 20;tabletas;20;caja;mk;2961;;3800;;;;;;;;;;
7702605100927;diclofenaco ge l50g;gel;;tubo;genfar;14897;;19400;;;;;;;;;;
7709141546059;diclofenaco gel50g;gel;;tubo;vita;9694;;12200;;;;;;;;;;
7705959881092;diclofenaco75 mg Ampollas caja X 10;Ampollas;10;caja;genfar;10738;1400;14000;;;;;;;;;;
7702605100750;dicloxacilina 500mg  capsulas caja X 50;capsulas;50;caja;genfar;25115;6500;32600;;;;;;;;;;
7702057778866;dicloxacilina 250mg polvo ;polvo;;frasco;mk;13618;;17700;;;;;;;;;;
7704412142916;dicloxacilina250mg polvo;polvo;;frasco;memp;9729;;12600;;;;;;;;;;
7706569000781;enalapril5mg tabletas caja X 30;tabletas;30;caja;american generis;2268;;4100;;;;;;;;;;
7706569000804;enalapril20mg tabletas caja X 30;tabletas;30;caja;american generis;2397;;4800;;;;;;;;;;
7703712036055;nitazoxanida500mg tabletas  caja  6;tabletas;6;caja;coaspharma;9050;;13600;;;;;;;;;;
7702605108367;clobetasol 0.05% crema;crema;;tubo;genfar;11165;;14500;;;;;;;;;;
7702605107469; prednisolona 5mg tabletas caja  X 30;tabletas;30;caja;genfar;9335;;11200;;;;;;;;;;
7702605107278;metoprolol 50mg tableta caja X 30;tableta;30;caja;genfar;8157;;9800;;;;;;;;;;
7702605107179;secnidazol 1g  caja  X 2 TABL;tableta;2;caja ;genfar;21342;;26600;;;;;;;;;;
7702605102792;secnidazol 500mg tableta caja X 4 ;tableta;4;caja;genfar;5022;;6500;;;;;;;;;;
7706569000743;secnidazol 500mg tableta caja X 4 ;tabletas;4;caja;american generis;3858;;5400;;;;;;;;;;
7702605101146;furosemida 40mg tabletas caja X 100;tabletas;100;caja;genfar;13847;1700;17000;;;;;;;;;;
7707236127688;gentamicina 160mg inyectable caja X 1;inyectable;1;caja;;2592;;3400;;;;;;;;;;
7709990751994;gentamicina 40mg Ampollas caja X 1;Ampollas;1;caja;;1803;;2400;;;;;;;;;;
7703153013271;gentamicina 0.3% frasco;frasco;;frasco;;4381;;8100;;;;;;;;;;
7702605101344;gentamicina 80mg ampollas caja 6;ampollas;6;caja;genfar;16988;3800;22100;;;;;;;;;;
7703712036185;glibenclamida 5mg tableta caja X 330;tableta; X;caja;coaspharma;16429;1300;21300;;;;;;;;;;
7702605109135;glibenclamida 5mg tabletas caja X30;tabletas;30;caja;genfar;11747;;15300;;;;;;;;;;
7702605101429;hidroclorotiazida 25mg tabletas X caja30;tabletas;30;caja;genfar;3015;1300;4000;;;;;;;;;;
7702184010761;losartan+hidroclotiazda 50/12.5 tabletas cajaX 15;tabletas;15;caja;ecar;14915;;17800;;;;;;;;;;
7702184011058;losartan+hidroclotiazda 50/12.5 tabletas cajaX 30;tabletas;30;caja;ecar;19666;;23600;;;;;;;;;;
7706569000385;ibuprofeno 800 mg tabletas caja 50;tabletas;50;caja;american generis;9287;3200;16100;;;;;;;;;;
7706569000385;ibuprofeno 800 mg tabletas caja 50;tabletas;50;caja;american ;;;;;;;;;;;;;
7702605101498;ibuprofeno 400 mg tabletas caja 100;tabletas;100;caja;genfar;13926;1700;17000;;;;;;;;;;
7702605101535;isoconazol 1% crema ;crema;;crema;genfar;12856;;16100;;;;;;;;;;
7702057076184;ivermectina 0.006 frasco;frasco;;gotas;mk;11566;;15100;;;;;;;;;;
7707210530572;simpiox fresa 0.006 frasco;frasco;;gotas;;6478;;8500;;;;;;;;;;
7709141546011;ketoprofeno 2.5% gel;gel;3;tubo;vitalis;13527;;16900;;;;;;;;;;
7703153021696;levotiroxina 100mg tabletas caja  X30;tabletas;30;caja;colmet;6563;3200;10500;;;;;;;;;;
7703153021672;levotiroxina 50mg;taabletas;30;caja;colmet;4760;2200;7300;;;;;;;;;;
7707355054186;tiroxin 100mg;tabletas;50;caja;;18505;7500;27150;;;;;;;;;;
7707355054230;tiroxin 50mg;tabletas;50;caja;;13456;5500;22000;;;;;;;;;;
7704588000683;anestecin 5g;crema;;tubo;;27951;;33500;;;;;;;;;;
7702418000414;nene dent 0.55g;frasco;;frasco;;19543;;23500;;;;;;;;;;
7702605101634;loratadina 10mg;comprimido;10;comprimido;genfar;2177;;2700;;;;;;;;;;
7703763320127;loratadina 10mg;tabletas;10;caja;lasante;2092;;2800;;;;;;;;;;
7702605101641;loratadina 5 mg;jarabe;4;frasco;genfar;6880;;8900;;;;;;;;;;
7702635138112;losartan potasico 100mg;tabletas;30;caja;sandoz;14268;;21400;;;;;;;;;;
7706569021618;losartan 50mg;tabletas;30;caja;american generis;16341;7100;19600;;;;;;;;;;
7702605103232;losartan 50mg;tabletas;30;caja;genfar;13878;6600;18100;;;;;;;;;;
7709031877591;bronquisol fem adultos;jarabe;120ml;frasco;;20285;;22700;;;;;;;;;;
7705959881214;carvedilol 6.25mg;tabletas;30;caja;genfar;6573;2900;8300;;;;;;;;;;
7705959013318;clonidina 0.15mg;tabletas;20;caja;genfar;11453;7400;14900;;;;;;;;;;
7705959881221;carvedilol 12.25mg;tabletas;30;caja;genfar;13139;5700;17100;;;;;;;;;;
7705959030292;espironolactona 25mg;comprimidos;20;caja;genfar;9700;;12600;;;;;;;;;;
7451079001543;dolex gripa;tabletas;12;caja;;10104;;11200;;;;;;;;;;
7702123009528;aspirina ultra 500mg;tabletas;20;caja;;10580;750 X 1;11600;;;;;;;;;;
7702057802455;sal de frutas lua;sobres;8;caja;;16050;;18450;;;;;;;;;;
7703363005554;dolex 500 mg ;tabletas;100;caja;;48551;6100;61000;;;;;;;;;;
7702626211770;gaviscon sachet doble accion;suspension;12;caja;;27815;2800;33400;;;;;;;;;;
7702057167806;noraver garganta atomizador menta ;atomizador;120ml;frasco;;35600;;39200;;;;;;;;;;
7702057073930;magnesia tradicional ;;120ml;frasco;;5458;;6200;;;;;;;;;;
7451079000867;dolex masticable pediatrico;tabletas;100;caja;;63218;6800;68000;;;;;;;;;;
650240029141;tukol d ;jarabe;125ml;frasco;;19659;;24500;;;;;;;;;;
7707351599193;drenabyl;jarabe;120ml;frasco;;20120;;24100;;;;;;;;;;
7703153035853;vitamina e 100ui cbg PENDIENTE PRECIO;capsulas;50;frasco;;23459;;28100;;;;;;;;;;
7704412118973;clobetasol 0.05%;crema;40gr;tubo;memphis;10885;;14150;;;;;;;;;;
736085410907;splash tears;solucion oftalamica;15ml;frasco;;23091;;26500;;;;;;;;;;
7705451000045;zinco 2mg/ml fresa;solucion ;120ml;frasco;;9060;;14000;;;;;;;;;;
7703038067030;levofloxacina 500mg;tabletas;7;caja;laproff;11382;;14800;;;;;;;;;;
7702195004681;oticaina;gotas;10ml;frasco;;13884;;16400;;;;;;;;;;
7703258011226;microfemin 0.03mg+0.15mg;grageas;21;caja;;14012;;15500;;;;;;;;;;
650240031267;genoprazol 10mg;capsulas;14;caja;;11686;;14100;;;;;;;;;;
7702605104253;zopiclona 7.5mg;tabletas;10;caja;genfar;14599;;18900;;;;;;;;;;
7703234100968;biocicar;crema;60g;tubo;;19280;;22150;;;;;;;;;;
7702123010999;acid mantle n ;locion;120ml;frascos;;27085;;33800;;;;;;;;;;
7702123010487;acid mantle ;jabon;90g;barra;;13173;;17500;;;;;;;;;;
7707355053509;gamaderm antipiojos x 24 sobres;champu;12ml;sobre;;26194;1800;30350;;;;;;;;;;
78923454;desodorante rexona rollon v8;rollon;50ml;;;7884;;10300;;;;;;;;;;
7703153036201;digesta 66mg/ml;gotas;20ml;frasco;;7189;;10800;;;;;;;;;;
7703153020255;levocetirizina 5mg;tabletas;10;caja;colmen;22396;;27900;;;;;;;;;;
7702184010150;loperamida 2mg;tabletas;6;caja;ecar;2000;;3500;;;;;;;;;;
7702184020326;yodopovidona bactroderm ;espuma;60ml;frasco;ecar;4588;;5800;;;;;;;;;;
7703153032883;lagrigen;solucion oftalmica;10ml;frasco;;10883;;14700;;;;;;;;;;
7702006207850;gel formen ego ultra intense;;110ml;;;1475;;2600;;;;;;;;;;
7702027415692;toallas nosotras invisible clasica;toalla;10;paquete;;4638;;5600;;;;;;;;;;
7702027445064;pk protec dia caja 120 und+ prot multi 30und+1 toa nosotras extra prot tela pq 6 und ;combo;;;;12214;;14650;;;;;;;;;;
7702027417634;pk 2 toallas nosotras natural plus canal displey 30 und+ grts 1 protec nosotras largos paquete 15 und;revisar precio;;;;20091;;800;;;;;;;;;;
7702029509382;desodorante balance clinical protect;crema;32g;minitubo;;2033;;3400;;;;;;;;;;
7702006201520;desodorante rexona rollon v8 white;rollon;50ml;;;15882;;22300;;;;;;;;;;
7702006200998;desodorante rexona aerosol bambu;aerosol;90gr;;;24838;;16100;;;;;;;;;;
78931640;desodorante dove rollon clean comfort;;30ml;;;2443;;3300;;;;;;;;;;
75035785;desodorante axe barra aplicador excite ;barra;50g;;;13763;;17800;;;;;;;;;;
7702057082130;desodorante yodora clasica x 2 unidades;crema;32g;;;14292;;17100;;;;;;;;;;
7702057080075;desodorante yodora ;crema;25g;;;5809;;7300;;;;;;;;;;
7702044246408;desosorante elizabeth arden;;40g;tubo;;2102;;2700;;;;;;;;;;
7702044246378;desodorante elizabeth arden;roll;30ml;tubo;;2257;;2900;;;;;;;;;;
7702006205405;jabon rexona antibacterial avena;barra;120g;;;8808;3500;10500;;;;;;;;;;
7702006205092;jabon lux orquidea negra ;barra;125g;;;8211;3300;9850;;;;;;;;;;
650240035401;jabon asexia carbon;barra;100g;;;9473;;11400;;;;;;;;;;
7702026032036;pañuelos familia auto;;50;caja;;4230;;5000;;;;;;;;;;
7702026032647;pañuelos familia bolsillo;paquetes;10;display;;9655;1400;13500;;;;;;;;;;
7702031293262;champu johnson cabello oscuro;;100ml;frasco;;7951;;9500;;;;;;;;;;
7702006404013;champu sedal celulas madres vegetales ;;340ml;frasco;;13615;;16500;;;;;;;;;;
7702006404006;champu sedal celulas madres vegetales ;;650ml;frasco;;20862;;25000;;;;;;;;;;
7509552845884;champu elvive hidra hialuronico;;370ml;frasco ;;17159;;20600;;;;;;;;;;
7509552845914;acondicionador elvive hidra hialuronico;;370ml;frasco;;17434;;20900;;;;;;;;;;
7702006299411;champu savital colageno 25 ml;sobres;20;caja;;13592;800;16300;;;;;;;;;;
7702006202831;champu savital multivitaminas;;100ml;doypack;;2490;;3100;;;;;;;;;;
7702006202824;aconsicionador savital multivitaminas;;100ml;frasco;;2490;;3100;;;;;;;;;;
7501001165321;acondicionador pantene rizos definidos;;400ml;frasco;;19167;;24900;;;;;;;;;;
7500435019958;champu h&s limpieza renovadora;;180ml;frasco ;;10500;;14500;;;;;;;;;;
650240029158;champu medicasp con ketokonazol;;100ml;frasco;;20382;;26500;;;;;;;;;;
7702006301442;talco rexona efficient original;;55g;frasco;;4072;;5500;;;;;;;;;;
7500435127417;cepillo dental oral b kids mickey x 2;;;;;6994;;9800;;;;;;;;;;
70942302357;protector de  cepillo gum;;;;;5350;;6700;;;;;;;;;;
7501086454181;cepillo dental pro 1000;;;;;10088;;13100;;;;;;;;;;
75004135144483;cepillo dental pro deluxe anticaries 3;;;;;4915;;6500;;;;;;;;;;
75004351134415;cepiillo dental anticaries pro deluxe unidad;;;;;1656;;2100;;;;;;;;;;
3014260019723;cepillo dental oral b nino mickey sft 3 und;;;;;3474;;4500;;;;;;;;;;
7702560042379;crma dental fluocarden kids con fluor ;;50g;tubo;;4026;;5200;;;;;;;;;;
7702010631382;crema dental colgate triple accion + cepillo ultra;;50ml;tubo;;3200;;4200;;;;;;;;;;
7702010111501;crema dental colgate triple accion ;;60ml;tubo;;3219;;4100;;;;;;;;;;
7509546062471;crema dental colgate luminuos white;;50ml;tubo;;8872;;10500;;;;;;;;;;
7702314142010;gotas reveladoras de placa bacteriana;;10ml;frasco;;6684;;8600;;;;;;;;;;
7891010974336;enjua bucal listerine zero ;;500ml;frasco ;;15646;;20300;;;;;;;;;;
7702035432117;enjua bucal listerine liquido cool mint;;180ml;frasco ;;7566;;9000;;;;;;;;;;
70942508407;enhebradores de hilo dental;;25;;;9996;;12900;;;;;;;;;;
70942507240;cera dental ortodoncia menta vitamina e + aloe;;;;;5031;;6500;;;;;;;;;;
7702314160243;enhebradores para seda dental;;;;;7688;;9700;;;;;;;;;;
7702314142034;cera dental ortodoncia ;;;;;4782;;6200;;;;;;;;;;
7703752040081;calza pelgor ;;8ml;frasco;;3985;;5100;;;;;;;;;;
7702314114000;seda dental proquident con cera;;400m;;;11896;;15400;;;;;;;;;;
7891024183182;hilo dental colgate total ;;25m;;;11265;;14600;;;;;;;;;;
7703252035495;seda dental medicare encerado;;50m;tubo;;6481;;8400;;;;;;;;;;
7703166002781;aceite ricino drof;0;60m;frasco;;2963;;3800;;;;;;;;;;
7707145301285;aceite ricino disan;;250ml;frasco;;9619;;12400;;;;;;;;;;
7707231003062;aceite de almendras natural blof;;120ml;frasco;;3691;;4700;;;;;;;;;;
7707231003284;aceite mineral natural;;250ml;frasco;;6124;;7900;;;;;;;;;;
7706849114610;biotina ultra 900mcg;capsulas;60;frasco;funat;25355;;32700;;;;;;;;;;
7703153016227;ginkgo biloba 40mg;capsulas;20;caja;colmen;5961;;8000;;;;;;;;;;
7702057074791;ginkgo biloba 80mg;tabletas;20;caja;mk;19109;;24800;;;;;;;;;;
7707228361755;jeringa 1ml insulina 29*1/2 ;;;;;346;;800;;;;;;;;;;
7707228361793;jeringa 10ml aguja 21*1 5 unidad alfa;;;;;430;;500;;;;;;;;;;
7707228361762;jeringa 3ml 3partes 21g 1 1/2 unidad alfa;;;;;267;;400;;;;;;;;;;
7702026034238;toallas humedas pequñin repuesto acolchamax ;toallas;40;bolsa;;7211;;8600;;;;;;;;;;
7707232091488;activox jengibre limon ;sobres;6;caja;;10619;2400;14800;;;;;;;;;;
7707232091358;activox jengibre uva con mora silvestre;;;;;10619;2400;14800;;;;;;;;;;
7707232094083;finacid reflu calendula ;suspension;180ml;frasco;;15628;;17200;;;;;;;;;;
7707233051443;chupo moby silicona anatomico repuesto;;1;;;5281;;6900;;;;;;;;;;
7707233050569;biberon andina figura jarra ;;5onz;;;6854;;8900;;;;;;;;;;
7707233050354;biberon andina prematuro anatomico;;2onz;;;5744;;6800;;;;;;;;;;
7707233050255;biberon andina payaso;;8 onz;;;6854;;8900;;;;;;;;;;
7707233050026;chupo corchito biberon blanco ;;3;;;430;;600;;;;;;;;;;
7702098038301;micropore piel12 x 3 nexcare;;;bolsa;;5775;;2500;;;;;;;;;;
7702560027883;agua oxigenada ;;120ml;frasco;;2838;;3700;;;;;;;;;;
7707282990946;curas largas kids figuras caja x 10 uds;;90;caja;begut;7973;100 unidad;100;;;;;;;;;;
7702057077051;algodon mk zig zag;;50g;bolsa;mk;1800;;2500;;;;;;;;;;
7702136646628;curas cureband venditas;;10;caja;;1041;;1500;;;;;;;;;;
7702560009525;alcohol antiseptico;;700ml;frasco;jgb;4260;;6000;;;;;;;;;;
7702560009532;alcohol antiseptico;;350ml;frasco;jgb;2697;;4000;;;;;;;;;;
7702560026577;alcohol antiseptico;;120ml;frasco;jgb;1726;;2400;;;;;;;;;;
7702006402870;crema ponds age miracle day 6 sobres;;7g;sobres;;12220;2500 sobre;15000;;;;;;;;;;
7506306224650;crema ponds clarant b3 fps30;;45g;tubo;;10317;;14500;;;;;;;;;;
7501056330491;crema ponds rejuvenes;;100g;frasco ;;19762;;27700;;;;;;;;;;
7501056330330;crema ponds biohidratante;;100g;frasco;;12950;;18100;;;;;;;;;;
7501056330484;crema ponds rejuvenes;;50g;frasco;;13087;;18300;;;;;;;;;;
7501056330309;crema ponds clarant b3 grasa;;100g;frasco;;17385;;24400;;;;;;;;;;
7501056325442;crema ponds s ;;50g;frasco ;;8878;;12500;;;;;;;;;;
4005800137679;crema nivea lata;;60ml;;;8600;;11200;;;;;;;;;;
4005800137655;crema nivea lata;;30ml;;;5000;;6500;;;;;;;;;;
7702215130321;remov esmalte lander con vitamina e;;25ml;frasco ;;3472;;4400;;;;;;;;;;
7707228369140;guante latex multiusos talla s;;24;caja;alfa;9795;1000unidad;24000;;;;;;;;;;
7707228363421;guante latex multiusos talla l;;24;caja;alfa;9795;1000unida;24000;;;;;;;;;;
7707228363162;guante nitriloazul talla l;;24;caja;alfa;11623;1100unidad;24300;;;;;;;;;;
7707228363544;guante cirugia esteril talla 6 ;;2;bolsa;alfa;2272;2900 par;2900;;;;;;;;;;
7703689003210;prueba de embarazo profamilia;;1;;profamilia;7750;;10000;;;;;;;;;;
7707300930206;prueba de embarazo en cassette;;;;inver;2732;;5500;;;;;;;;;;
7707282990953;prueba de embarazo cassette ;;5;;begut;1860;;5000;;;;;;;;;;
7707172681114;emulsion scott cereza;;360ml;frasco;;15021;;17700;;;;;;;;;;
7707277880061;fosfodel max;jarabe;240ml;frasco;;13156;;17100;;;;;;;;;;
7501033957369;pedialyte 60 zinc manzana;;500ml;frasco;;5892;;6400;;;;;;;;;;
7501033957376;pedialyte 60 zinc uva;;500ml;frasco;;5492;;6400;;;;;;;;;;
7703123035112;vitamina c 500mg;tabletas;60;caja;;20864;;2100;;;;;;;;;;
7703153012083;pediavit zinc ;gotas;10ml;frasco;;19027;;22600;;;;;;;;;;
7702132011840;centrum for women ;tabletas;30;caja;;28515;;35600;;;;;;;;;;
7702132011048;centrum silver;tabletas;30;caja;;27301;;32300;;;;;;;;;;
7702132011017;centrum advance ;tabletas;30;caja;;23764;;27300;;;;;;;;;;
7703763750115;vitamina c 500mg naranja;tabletas;10;caja;la sante;34800;4500 sobre;45000;;;;;;;;;;
7706440000725;neuro 15 ;jarabe;120ml;frasco;;23257;;27400;;;;;;;;;;
7706440000695;neuro 15 ;capsulas;30;caja;;22217;;26200;;;;;;;;;;
7707056202015;vitacerebrina;tabletas;30;caja;;35420;;40700;;;;;;;;;;
7707210530213;sivitam ;gotas;30ml;frasco;;12344;;13600;;;;;;;;;;
7709990384987;shotb multivitaminico;capsulas;30;caja;;24617;;27100;;;;;;;;;;
7707355400525;termometro digital basic advance adulto unidades nti;;;;;12773;;15300;;;;;;;;;;
7703712031906;ACICLOVIR UNGUENTO UNGUENTO 15G;UNGUENTO;15G;CJA;COASPHARMA;4300;;5150;;;;;;;;;;
77030380677528;ACICLOVIR 800MG TABLE 800MG CJA X 10;TABLE;800MG;CJA X 10;LAPROFF;6500;;7800;;;;;;;;;;
7702057077228;ACICLOVIR 800MG TABLE CJA X 10;TABLE;800MG;CJA X 10;MK;12800;;15400;;;;;;;;;;
7702057777852;ACICLOVIR 200MG    TABLE x 25;TABLE;200MG;CJA;mk;8800;;10550;;;;;;;;;;
7707288820230;BISACODILO TABLE 5 MG CJA X 10;TABLE;5 MG;CJA X 10;HUMAX;2281;;2700;;;;;;;;;;
7702057715885;METRONI/NISTATINA  OVULOS  500/10000;OVULOS;500/10000;CJA;MK;30660;;36700;;;;;;;;;;
770656900088;CIPROFLOXACINO TABLE 500MG CJA X10;TABLE;500MG;CJA X10;AG;4250;;5100;;;;;;;;;;
77037120311463;PRPPANOLOL TABLE 40MG CJA X10;TABLE;40MG;CJA X10;COASPHARMA;1447;;1750;;;;;;;;;;
7707177970633;NISTATINA SUSPENSION 100.000UI ;SUSPENSION;100.000UI;FRASCO;LABINCO;4905;;5900;;;;;;;;;;
7702123006725;aspirina  TAB EFERVECEN 500MG CJA X 12 TAB;TAB EFERVECEN;500MG;CJA X 12 TAB;BAYER;10040;;11050;;;;;;;;;;
7702132010959;ADVIL GRIPA CAPSULAS CJA X 10 CAP;CAPSULAS;;CJA X 10 CAP;;12454;;14900;;;;;;;;;;
7702132008611;ADVIL MAX CAPSULAS 400MG CJA X 10;CAPSULAS;400MG;CJA X 10;;12707;;15200;;;;;;;;;;
7706263200609;PAX DIA SOBRES 500/10 CJA X 6;SOBRES;500/10;CJA X 6;;10542;1900;11600;;;;;;;;;;
7706263200623;PAX NOCHE  SOBRES 500/10MG CJA X6;SOBES;500/10MG;CJA X6;;10542;1900;11600;;;;;;;;;;
7702132009588;ADVIL  MAX CAPSULAS CJA 40;;;CJA 40MG;;48547;2500x 2tab;50000;;;;;;;;;;
7703202221268;BUSCAPINA FEM TABLE;TABLE;2;CAJA X 24;;35600;2800 X2TAB;13050;;;;;;;;;;
7500435185363;VAPOCOOL MAX CAJA X 24;PASTILLAS;0;PAQUETE;VICK;10401;;11450;;;;;;;;;;
7702195115127;LASS  SUPOSITORIOS  TARRO;SUPOSITORIOS;;FRASCO;BUSSIE;50992;5600 sobre 5;56000;;;;;;;;;;
7506339393538;VICK DROPS TABLETAS  CAJA X 5 SOB;TABLETAS;;CAJA X 5 SOB;VICK;8047;1800 sobre;9000;;;;;;;;;;
7702605103300;tramadol gotas 100mg ;gotas;100mg;frasco;genfar;4900;;10800;;;;;;;;;;
7702057434020;nosotras diarios bolsa x 15 ;;;bolsa x 15 ;nosotras;1631;;2000;;;;;;;;;;
7702123008842;mexana talcos 85g;talcos;85g;tarro;bayer;7997;;9600;;;;;;;;;;
7702123011613;mexana talcos 85g  150+85g OFERTA;talcos;150+85g;tarro;bayer;11808;;14200;;;;;;;;;;
7501033959974;pedialyte suero 30 * 500ml;suero;30 * 500ml;frasco;abot;5892;;6400;;;;;;;;;;
7501033961540;pedialyte suero 60 * 500ml;suero;60* 500ml;frasco;abot;5892;;6400;;;;;;;;;;
7501033959967;pedialyte suero 30* 500ml ;suero;30* 500ml;frasco;abot;5892;;6400;;;;;;;;;;
7703712031463;propanolol tabletas 40mg;tabletas;40mg;tabletas;coaspharma;1447;;1700;;;;;;;;;;
7702132002688;today lubricado;;;;today;8611;;10300;;;;;;;;;;
7702132007706;today hot;;;;today;10540;;12900;;;;;;;;;;
7702132019556;today triple pleasure;;;condon;today;10540;;12900;;;;;;;;;;
7702132027636;today punto g;;;condon;today;10540;;12900;;;;;;;;;;
7702006402569;ponds sobre;sobre;;;;12725;;1500;;;;;;;;;;
17707145301039;alumbre;barra;;;disanfer;8681;;1100;;;;;;;;;;
7702026033071;pañuelos;;;;familia;10181;;1300;;;;;;;;;;
4895225300570;tapa boca negro;;50;;familia;14000;;600;;;;;;;;;;
7709582249946;tapa boca niño;;50;;familia;14000;;400;;;;;;;;;;
7702425551251;tampones  bolsa;bolsa;;;kotex;9000;2300 c/u;2300;;;;;;;;;;
7707019479706;spabolax sobres 4g;sobres;4g;;labquifar;21600;2000 c/u;2000;;;;;;;;;;
7707330053128;alcanfor barras;barras;;;disfarmacol;35800;;700;;;;;;;;;;
7702123001423;domeboro sobres 2.2g;sobres;2.2g;;bayer;33500;;1500;;;;;;;;;;
7702354946609;nutribela sobres;sobres;;;;10800;;1200;;;;;;;;;;
7702896000364;tor crema 0.1g;crema;0.1g;;blasvo;7200;;9300;;;;;;;;;;
702057700263;vita c tabl 500mg;tabl;500mg;;mk;38200;;4500;;;;;;;;;;
7702057841171;bonfiest sobres;sobres;;;;49500;3200 sobre;;;;;;;;;;;
7703712031906;aciclovir;unguento;15g;;coaspharma;4300;;7700;;;;;;;;;;
77030380677528;aciclovir;tabl;800g;table x10;laprof;6500;;9750;;;;;;;;;;
7702057777852;aciclovir;tabl;200mg;table x25;mk;8800;;12200;;;;;;;;;;
7702057077228;aciclovir;tabl;800mg;tablx10;mk;12800;;17250;;;;;;;;;;
7707274721053;activa21;tabl;0.15-0.003mg;tabl x21;bcnmedical;5400;;6500;;;;;;;;;;
7702057077112;algodon mk zig zag;bolsa;25g;;mk;1000;;1500;;;;;;;;;;
77186900034;asobroncol nf;frasco;100mg-15m;frasc;rociphar;10800;;12000;;;;;;;;;;
7707186900522;asobroncol ;fras 20ml;100mg-4mg;frasc;rociphar;8500;;9350;;;;;;;;;;
7707282990496;baja lenguas;bolsa;begut;;begut;1400;;1700;;;;;;;;;;
7702870071465;bellaface suave;caja;tabl;;abbott;14300;;16000;;;;;;;;;;
7702870004425;bellaface;cja;tabl;;abbott;14500;;15700;;;;;;;;;;
7702021001099;sulfato de magnesia;cja;polvo;;;1600;;2000;;;;;;;;;;
7702113034691;protecto tanga;sobres;crema;;recamier;28500;;2900;;;;;;;;;;
7707237630019;BRONQUISAN  JALEA;frasco;JALEA;;EL MANA;8600;;9500;;;;;;;;;;
;BUCOXOL ;TABLETAS;CAJA X10;;LA SANTE;11400;;1500;;;;;;;;;;
7703202221343;2;TABLETAS;CAJA30;;SANOFI;35600;2800 X2TAB;13000;;;;;;;;;;
7707210530015;CALADERM;SUSPENSI;FRASC;;FRANCAIS;6800;;8000;;;;;;;;;;
7703038020103;OROCAL;CALCIO ;TABLETAS;;LEBRIUT;11000;;15400;;;;;;;;;;
36600813719;CHAPTICK CEREZA;;LABIAL;;;7600;;11400;;;;;;;;;;
36600814013;CHAPTICK FRESA;;LABIAL;;;7600;;11400;;;;;;;;;;
36600814617;CHAPTICK MENTA;;LABIAL;;;7600;;11400;;;;;;;;;;
7707232096189;CLORURO DE MAGNESIO;CAPSULA;FRASC;;NATURAL  FRES;11400;;17000;;;;;;;;;;
7703546031493;coongestex;jarabe;fraSCO;;NOVAMED;16500;;19800;;;;;;;;;;
7891010560737;COTONES;COPITOS;CAJA;;JONSON;5900;;7600;;;;;;;;;;
7703252035389;copitos medicare;copitos;frasc;;medicare;3500;;4600;;;;;;;;;;
7703752080148;concha de nacar;frasc 12g;frac;;pelgor;8700;;9600;;;;;;;;;;
7702215301615;PIEL LANDER;CREMA ;FRAS;;LANDER;6500;;7800;;;;;;;;;;
7702215301592;PIEL LANDER;CREMA ;FRAS;;LANDER;11500;;13900;;;;;;;;;;
7702215301585;PIEL LANDER;CREMA ;FRAS;;LANDER;6500;;7800;;;;;;;;;;
7509546656625;LADY SPEED STICK;SOBRE;CJA X 20;;;12800;;800;;;;;;;;;;
7509546656618;SPEED STICK;SOBRE;CAJA X 20 COJINES;;;12800;;800;;;;;;;;;;
7703889154903;DESCONGELITO;SOLUCION ORAL;FRASCO 15ML;;CHALVER;16000;;17600;;;;;;;;;;
7441026003348;DOLEX BEBES;jarabe;FRASCO 60ML;;GSK;10200;;11200;;;;;;;;;;
7501043130769;DOLEX NIÑOS;jarabe;FRASCO 120ML;;GSK;17500;;19200;;;;;;;;;;
7501125176494;ELECTROLIT;SUERO;FRASCO 625ML;;PISA;4800;;6500;;;;;;;;;;
7707172681114;EMULSION de scott cereza;EMULSION;FRASCO 360ML;;GSK;16100;;17700;;;;;;;;;;
7707172681077;emulsion de scott tradicional;EMULSION;FRASCO 360ML;;GSK;16100;;17700;;;;;;;;;;
7707172681190;emulsion scott frutas tropicales;emulsion;frasco 360ml;;gsk;16100;;17700;;;;;;;;;;
7707282990182;esparadrapo microporoso;cinta;"rollo 1/2"" * 5y";;seven;1400;;1700;;;;;;;;;;
7707282990205;esparadrapo microporoso;cinta;"rollo 1""*3y";;seven;1400;;2300;;;;;;;;;;
7707172651183;emulsion de scott frutas tropicales;emulsion;frasco 180ml;;gsk;9800;;10800;;;;;;;;;;
7707172681107;emulsion de scott cereza;emulsion;frasco 180ml;;gsk;9800;;10800;;;;;;;;;;
7707172681060;emulsion de scott tradicional;emulsion;frasco 180ml;;gsk;9800;;10800;;;;;;;;;;
7703153022402;evinet levonorgestrel;tabletas;caja 2 tabletas;;colmed ;3500;;6300;;;;;;;;;;
7708957106228;benet gomas kids;gomas;caja 10 sobres;;procaps;8200;1200 sobre;9500;;;;;;;;;;
7702018880409;gillette;prestobarba;10;;gillette;33800;4700 c/u;4700;;;;;;;;;;
7702132000295;today condoms;condones;individual 12;;today;30000;3500 und;3500;;;;;;;;;;
;hojas de minora;hojas;individual 10;;minora;18800;2800 c/u;2800;;;;;;;;;;
1111111111111;jabon protex;jabon;6;;pyg;15600;3000 und;3000;;;;;;;;;;
7702870004753;Lumbal;tabletas;tableta de 24;;abbot;20500;1500x1tab;1500;;;;;;;;;;
75900557;maquina de afeitar exacta;maquina;12 afeitar;;schiks;18000;2000 und;2000;;;;;;;;;;
7702277120902;menticol 130ml;frasco;1;;menticol;7400;;9600;;;;;;;;;;
7702277120964;menticol 250;frasco;1;;menticol;11800;;15300;;;;;;;;;;
7702277120988;menticol 350ml;frasco;1;;menticol;13600;;17100;;;;;;;;;;
7703331105118;microgynon suave;tabletas;tabletas 2;;tecnofarma;5800;;6500;;;;;;;;;;
650240032592;Next gl gripa;tabletas;2 cajas;;esr;11000;3500 x2Tab;12100;;;;;;;;;;
7706462000000;nimesulida 100;tabletas;3 cajas;;farmanal;2800;0;5000;;;;;;;;;;
7703086201035;Nixoderm;unguento;1;;nixoderm;7000;0;9000;;;;;;;;;;
7702057160487;Noraver fast gripa;capsula x6;1;;Tq;13000;5000 x2Cap;14300;;;;;;;;;;
7702057160555;noraver tos miel;jarabe;1;;Tq;22400;0;24600;;;;;;;;;;
7707355055831;noxpirin x 48cap;capsula;1;;Tq;30000;3400x4cap;34600;;;;;;;;;;
7703445050014;panotil b;gotas;1;;zambol;15500;;17800;;;;;;;;;;
7702026031329;pañitos hume,pequeñin;pañitos;2;;familia;3100;;3700;;;;;;;;;;
7703252040901;pañitos medicare40;paños;2;;meidcarre;3800;;5300;;;;;;;;;;
770325204925;pañitos medicare150;paños;2;;meidcarre;10500;;14500;;;;;;;;;;
22222222222;pedialyte;frasco;14;;;5800;;6400;;;;;;;;;;
7703712030930;piroxicam 20mg;tabletas;2;;coasp;2200;;2800;;;;;;;;;;
7707232091808;propomielito;jalea;1;;naturalfreshly;14700;;17600;;;;;;;;;;
7702045714791;shampoo konzil;caja sobresx18;1;;;9300;800;12000;;;;;;;;;;
7702006202930;shampo savital;shampo;2;;;12500;;17500;;;;;;;;;;
7702006207683;shampo sedal;sobres x12;1;;;8300;1300;;;;;;;;;;;
7706142707106;talco neo fungina 40g;tarro;1;;neo;8500;;10600;;;;;;;;;;
7702006404297;talco rexona180+55g;promo tarros;1;promo;;11200;;13600;;;;;;;;;;
7702006301442;talco rexona 55g;tarro;2;;;3600;;5400;;;;;;;;;;
7702057080587;talco yodora 120g;tarro;2;;;6700;;8000;;;;;;;;;;
7702057081027;talco yodora 60g;tarro;1;;;4000;;5600;;;;;;;;;;
7702560043499;tarrito rojo 330g+80g;tarro+bolsa;1;;jyb;14500;;18000;;;;;;;;;;
7702560043291;tarrito rojo 135g;tarro ;1;;jyb;6200;;7400;;;;;;;;;;
7702057102104;Mentol unguento  10g;unguento;2;;;6500;;7900;;;;;;;;;;
7706976000343;Merey unguento 15g;ungueto;3;;merey;8100;;9700;;;;;;;;;;
7707188720029; valeriana 30ml;solucion oral;1;;kemi;3800;;5700;;;;;;;;;;
7707188720036;valeriana 60ml ;solucion oral;1;;kemi;4800;;7200;;;;;;;;;;
7705137400336;vaselina osa 45g;vaselina tarro;4;;osa;1800;;2500;;;;;;;;;;
7707228360734;venda elastica 3x5y;vendas;2;;alfa;1500;;2300;;;;;;;;;;
7707282990793;venda elastica 3x5y;vendas;2;;begut;4000;;2800;;;;;;;;;;
7707282990786;venda elastica 4x5y;vendas;2;;begut;2200;;3000;;;;;;;;;;
7707282991073;vendas de yeso 4x5;yeso;1;;begut;4300;;6000;;;;;;;;;;
7707282991011;vendas de yeso 5x5;yeso;1;;begut;4800;;7700;;;;;;;;;;
4002679136473;vitamina c +b2+zinc;tubo;2;;nutrazul;15000;;22500;;;;;;;;;;
7707210530909;caladerm plus gel;tarro;2;;caladerm;8200;;11000;;;;;;;;;;
7707330050264;inhalocamara niño;caja;1;;;8000;;10500;;;;;;;;;;
7707330050257;inhalocamara  adulto;caja;1;;;8000;;11000;;;;;;;;;;
3333333333333;labial chapet ;labial;11;;;1850;;2500;;;;;;;;;;
444444444444;recolector de orina;recolector;1;;;7600;;10400;;;;;;;;;;
7702006403580;shampo sedal+aconduci;promo ;1;;;14800;;20700;;;;;;;;;;
7702123006718;aspirina efervecente;caja x50;1;;bayer;37000;1800;46800;;;;;;;;;;
7707145300288;glicerina pura;onzas;12;;disafer;1200;1800;21600;;;;;;;;;;
7707145300301;glicerina carbonatada;onzas;12;;disafer;1200;1800;21600;;;;;;;;;;
7707199111670;3800;solucion nasal;4;;corphipharm;1400;;2100;;;;;;;;;;
7706569001184;amoxicilina 250g 100ml;polvo;1;;AG;7800;;9000;;;;;;;;;;
7703712033344;amoxicilina 250g 100ml ;polvo;2;;coasph;7300;;8500;;;;;;;;;;
7703038064367;hioscina N bultibromuro10mg;tabletas;4;;laproff;7500;5000 sobre /1300x 2pastillas;9000;;;;;;;;;;
7703038050155;cetirizina clorhi 10mg;tabletas;40;;laproff;31000;1200 sobre;44000;;;;;;;;;;
7703153037536;eye zul;solucion oftamo;2;;;5200;;8800;;;;;;;;;;
7709881363299;vitamina c+zinc;tabletas;10;;keops;19500;3500 sobre;35000;;;;;;;;;;
7707141349304;neof;bolsa 500ml;2;;baxter;2000;;3500;;;;;;;;;;
7707355053653;broncochem ;jarabe;3;;sieg;;;14000;;;;;;;;;;
7707274721084;BECLOMETASONA (ECLOSYNT) 250 MCG X 200 D;;1;;;26984;;30300;;;;;;;;;;
7707274721183;BECLOMETASONA BUCAL (ECLOSYNT-BUCAL) 50;;2;;;17909;;21250;;;;;;;;;;
7793100151224;CEPILLO COLGATE KIDS DR. RABBIT X 1UDS -COLGATE (72);;2;;;1776;;2300;;;;;;;;;;
750954600985;CREMA DENTAL COLGATE TRIPLE ACCION X 60 C C MEGA CREMA - COLGATE;;2;;;3231;;4200;;;;;;;;;;
750954600985;CREMA DENTAL COLGATE TRIPLE ACCION X 75 ML - COLGATE (72);;2;;;5691;;7400;;;;;;;;;;
781024179925;ENJUAGE BUCAL PERIOGARD SIN ALCOHOL X 250 ML - COLGATE (12);;1;;;25327;;27800;;;;;;;;;;
7702184510230;MENOCAL SUCRALOSA X 100 TABS PAGUE 1 LLEVE 2 - ECAR (80);;1;;;8692;;9600;;;;;;;;;;
7702184010259;SULFATO FERROSO 200 MG FCO X 100 TABS - ECAR (144);;1;;;7171;;10050;;;;;;;;;;
7702184020272;SULFATO FERROSO JBE X 120 ML - ECAR (108);;1;;;3691;;5200;;;;;;;;;;
7702184010280;TIAMINA 300 MG X 250 TABS - ECAR (38) -GRATIS: 1 UND TIAMINA;;1;;;37540;2000 sobre;2000;;;;;;;;;;
7703432421650;DIPIRONA 500 MG X 10 ML GOTAS - EXPOFARMA (110);;1;;;7803;;9400;;;;;;;;;;
7703432421643;DIPIRONA 500 MG X 100 TABS - EXPOFARMA (37);;1;;;19825;;2800;;;;;;;;;;
7703432425863;EXPOFRESH 5MG - ML X 15 ML GOTAS (CARBOXIMETIL CELULOSA) - EXPOFARMA;;1;;;11072;;14400;;;;;;;;;;
7703432425542;PRAZOSINA 1 MG CAJAx30 TAB EXPOFARMA (45;;5;;;5715;;7500;;;;;;;;;;
7702026032142;DESMAQUILLADORES POMYS PAQx60 UDS-FAMILIA SANCELA (24);;2;;;5994;;7900;;;;;;;;;;
7702027436987;JABON INTIMO HERBAL NOSOTRAS FCx18ML RISTRA x 6UNDS -FAMILIA SANCELA;;1;;;6220;;1500;;;;;;;;;;
7705959005702;ACETILCISTEINA 200MG ADU CAJAx30SOB - GENFAR (18);;1;;;34799;;1400;;;;;;;;;;
7702605100187;ALBENDAZOL 100 MG X 20 ML SUSP - GENFAR (396);;3;;;2562;;3600;;;;;;;;;;
7702605102143;FLUCONAZOL 150 MG X 2 CAPS- GENFAR (96);;2;;;3797;;4500;;;;;;;;;;
7702605102174;FLUCONAZOL 200 MG X 4 CAPS - GENFAR (144);;2;;;7460;;8900;;;;;;;;;;
7705959003609;LEVODOPA + CARBIDOPA 250 - 25 MG X 30 TABS - GENFAR (168);;1;;;45571;23000sobre;54000;;;;;;;;;;
7702605105779;MELOXICAM 15 MG X 10 TABS - GENFAR (240);;1;;;7565;;11400;;;;;;;;;;
7702605106318;MELOXICAM 15 MG X 30 TABS - GENFAR (168);;1;;;20304;10200 sobre;30456;;;;;;;;;;
7702605102444;OMEPRAZOL 20 MG X 10 CAPS - GENFAR (96);;2;;;2236;;3100;;;;;;;;;;
7702605102136;PAMOATO DE PIRANTEL 250 MG X 15 ML SUSP - GENFAR (396);;2;;;2659;;3500;;;;;;;;;;
7705959881368;PAROXETINA 20MG CAJA X 20TAB - GENFAR (204);;1;;;44882;;56000;;;;;;;;;;
7702605102808;SILIMARINA 150 MG X 20 CAPS - GENFAR (80);;1;;;16003;;20000;;;;;;;;;;
7702605102686;TRIMETOPRIM SULFA 80 - 400 MG X 100 TABS- GENFAR (60);;1;;;19878;3300 sobre;3300;;;;;;;;;;
7703763279029;ALCOHOL POLIVINILICO 14% X15 ML GOTAS-LA SANTE GENERICO (330);;1;;;11654;;16200;;;;;;;;;;
7703763334025;OXIMETAZOLINA HCL 0 025 % INFANTIL X 15;;3;;;9309;;11200;;;;;;;;;;
7703763334018;OXIMETAZOLINA HCL 0 05 % ADULTO X 15 ML;;2;;;8581;;11300;;;;;;;;;;
7702870071854;GASTRUM PLUX SACHET CAJA X 10 SOBRES X 10 ML - LAFRANCOL - CONSUMO;;1;;;15650;;21542;;;;;;;;;;
7702870999646;ISOFEM GEL VAGINAL X 30 GR - LAFRANCOL - CONSUMO (12);;1;;;26118;;30000;;;;;;;;;;
7702870999769;ISOFEM X 30 TABS - LAFRANCOL - CONSUMO (108);;1;;;40241;;44000;;;;;;;;;;
7702207163948;PRIVATOS X 120 ML JBE - LAFRANCOL - CONSUMO (24);;1;;;20913;;24000;;;;;;;;;;
7702870001486;EROXIM (SILDENAFILO 50 MG) X 2 TABS - LAFRANCOL - FARMA RELACIONAL (522);;1;;;18938;;20800;;;;;;;;;;
7702870003039;EROXIM (SILDENAFILO 50 MG) X 4 TABS - L;;6;;;30979;;35600;;;;;;;;;;
770287000540;SYNOVULAR ( ALGESTONA ACETOFENIDO 150 / ESTRADIOL ENANTATO 10 MG) X 1;;1;;;22596;;29300;;;;;;;;;;
7703038060994;ALBENDAZOL 400 MG X 20 ML SUSP - LAPROFF (378);;3;;;1582;;2100;;;;;;;;;;
7703038067146;BETAHISTINA DICLORHIDRATO 8 MG X 20 TABS - LAPROFF (465);;1;;;21032;14000 sobre;25300;;;;;;;;;;
770303807122;CLOPIDOGREL 75 MG CAJA X 10 TABS - LAPROFF (648);;2;;;4874;;7500;;;;;;;;;;
7703038067054;DESLORATADINA 0.05 % X 60 ML JBE - LAPROFF (252);;2;;;4050;;6500;;;;;;;;;;
7703038067023;DESLORATADINA 5 MG X 10 TABS - LAPROFF (465);;2;;;4343;;7500;;;;;;;;;;
7703038050216;DINITRATO DE ISOSORBIDE 10 MG X 300 TABS - LAPROFF (72);;1;;;23393;2000 sobre;60000;;;;;;;;;;
7703038065906;ESPIRONOLACTONA (MULTIPACK 25 MG) CAJA X 300 TABS - LAPROFF (24);;1;;;59132;3000 sobre;75000;;;;;;;;;;
7703038050230;FLUOXETINA 20 MG CAJA X 300 TABS (MULTIPACK) - LAPROFF (72);;1;;;29891;2000 sobre;45000;;;;;;;;;;
7703038067030;LEVOFLOXACINA 500 MG CAJA X 7 TABS RECUBIERTAS - LAPROF (510);;1;;;10795;;15000;;;;;;;;;;
7703038050360;LOVASTATINA 20 MG X 300 TABS - LAPROFF (72);;1;;;25992;1800 sobre;54000;;;;;;;;;;
7703038050377;METFORMINA 850 MG X 300 TABS (MULTIPACK) - LAPROFF (24);;1;;;46461;3000 sobre;90000;;;;;;;;;;
7703038066521;METOCLOPRAMIDA 10 MG CAJA X 300 TABS (MINIPACK ) - LAPROFF (40);;1;;;25017;1700 sobre;51000;;;;;;;;;;
7703038020035;YODINFEX (YODOPOVIDONA) X 60 ML SOL - LAPROFF (180);;1;;;3736;;5000;;;;;;;;;;
7707232095882;COLAGENO COMPLEX 400MG FCO X 60 CAPS - NATURAL FRESHLY (48);;1;;;21974;;30000;;;;;;;;;;
7707232096537;DIGESTAR MAX FORTE 500MG CAJA x 20 CAPS - NATURAL FRESHLY (117);;1;;;11871;;17800;;;;;;;;;;
7707232091228;JABON DE CALENDULA BARRA X 90 GR - NATURAL FRESHLY (110);;1;;;6125;;9200;;;;;;;;;;
7707232093604;LECITINA DE SOYA 2 X 1 FRASCO X 50 SOFTGELS - NATURAL FRESHLY (24);;1;;;26242;18300 solo;36700;;;;;;;;;;
7707232094717;VENASFULL CREMA PAGUE 400 LLEVE 420 GR - NATURAL FRESHLY (28);;1;;;19736;;30000;;;;;;;;;;
7707334710447;DIETREX (BUCLIZINA ) JARABE FRASCO x 120 ML - NEVOX;;1;;;29837;;35800;;;;;;;;;;
7707334710164;SI-METICON GOTAS FCx 30 ML - NEVOX;;1;;;23621;;28300;;;;;;;;;;
7707271451410;CYCLOFEMINA CAJAx1 AMP -NEW TRADE (240);;1;;;18826;;22600;;;;;;;;;;
7703153020255;LEVOCETIRIZINA 5 MG X 10 TABS - PROCAPS - COLMED (144);;1;;;20679;;26800;;;;;;;;;;
7707270368634;VENDA ALGODON LAMINADO MEDISPO Ã‚Â 3X5 YARDAS - PROTEX (12);;2;;;1203;;1800;;;;;;;;;;
7707270368641;VENDA ALGODON LAMINADO MEDISPO Â 4X5 YARDAS - PROTEX (12);;2;;;1629;;2400;;;;;;;;;;
7707270368658;VENDA ALGODON LAMINADO MEDISPO Ã‚Â 5X5 YARDAS - PROTEX (12);;2;;;2005;;3000;;;;;;;;;;
7707270368665;VENDA ALGODON LAMINADO MEDISPO Â 6X5 YARDAS - PROTEX (12);;2;;;2444;;3700;;;;;;;;;;
7707229970192;FISIOLINE X 30 ML FCO - QUIBI (24);;1;;;6179;;8000;;;;;;;;;;
7703281003793;DERMOSUPRIL CREMA 0 05% TUBOx15GR - MEGALABS;;1;;;16776;;21800;;;;;;;;;;
7703332003109;DESONIDA 0 1% X 15 GR CREMA - MEGALABS;;1;;;11210;;14500;;;;;;;;;;
7703332001419;GLAUCOMED X 10 TABS - MEGALABS;;1;;;28566;;34500;;;;;;;;;;
7703281009986;JABON ALERGIBON AVENA X 90 GR PAGUE 1 LLEVE 2 - MEGALABS;;1;;;19390;;23000;;;;;;;;;;
7703281007180;JABON ALERGIBON CLEAR X 90 GR PAGUE 1 LLEVE 2* - MEGALABS;;1;;;18973;;22800;;;;;;;;;;
7703281009979;JABON ALERGIBON LECHE X 90 GR PAGUE 1 LLEVE 2* - MEGALABS;;1;;;18796;;22800;;;;;;;;;;
7703281000679;PROCICAR NF X 60 GR CREMA - MEGALABS;;1;;;35288;;44000;;;;;;;;;;
7707355053660;BRONCOCHEM NF ADUL X 120 ML JBE -SIEGFRIED - OTC (72);;1;;;16037;;22500;;;;;;;;;;
7707355053851;FLY OUT FAMILIAR X 100 ML (REPELENTE)-SIEGFRIED - OTC;;1;;;11611;;14500;;;;;;;;;;
77047717;HIPOGLOS CALENDULA X 30 GR POMADA -SIEGFRIED - OTC (210);;1;;;11218;;14500;;;;;;;;;;
7707355051031;HIPOGLOS CALENDULA X 60 GR POMADA - SIEGFRIED (120);;1;;;13465;;17000;;;;;;;;;;
7709990568288;DIOSMIT 3 GR X 6 SACHETS -NEW TRADE (212;;1;;;25475;6000sobre;30500;;;;;;;;;;
7703445170040;FISIOMAX GEL INTIMO LUBRICANTE X 90 GR TUBO - ZAMBON (28);;1;;;17864;;25000;;;;;;;;;;
7703445040015;MONURIL 3 GR X 1 SOBRE GRANULADO- ZAMBON (600);;1;;;47447;;54200;;;;;;;;;;
7509546060471;CREMA DENTAL LUMINOUS WHITE X 50ML- COLGATE (48);;1;;;8901;;11500;;;;;;;;;;
77072320955899;COLAGENO CON RESVERATROL HIDROLIZADO X 500 POLVO - NATURAL FRESHLY;;1;;;33509;;45000;;;;;;;;;;
7709990089677;KETOCONAZOL 2% X 30 GR CREMA - VITALIS (98);;1;;;10123;;13200;;;;;;;;;;
7709990864090;TOALLAS BREEZDAYS PAQUETE 10 UNDS - GIGA (48);;1;;;1965;;2500;;;;;;;;;;
7703432423708;FLUOXETINA JBE. FC x 70 ML- EXPOFARMA (134);;1;;;11399;;23000;;;;;;;;;;
7702184502013;MENOCAL STEVIA X 100 TABS PAGUE 1 LLEVE 2 - ECAR (80);;1;;;9190;;12900;;;;;;;;;;
7703038067597;ATORVASTATINA 20 MG X 50 TABS REC - LAPROFF (189);;1;;;9097;3600 sobre;18000;;;;;;;;;;
77007355401386;COMPRESA ORTOPEDICA FRIO CALOR CON FUNDA -NEW TRADE;;1;;;23774;;30900;;;;;;;;;;
7702184011997;CLONIDINA X 0.150 MCG X 60 TABS - ECAR (480);;2;;;24517;8000 sobre;29000;;;;;;;;;;
7703432426297;NIFEDIPINO 30 MG CAJA X 30 CAPS. - EXPOFARMA;;1;;;26046;;35000;;;;;;;;;;
7707355401096;ORTOPEDICO CODERA UNIVERSAL ADVANCE -NEW TRADE (36);;1;;;23940;;28000;;;;;;;;;;
7891024037706;JABON LIQUIDO PROTEX CUIDADO INTIMO X 140 ML - COLGATE (80);;1;;;8023;;10400;;;;;;;;;;
7707232090535;JABON DE CARBON ACTIVADO BARRAX 90 GR - NATURAL FRESHLY (110);;1;;;6125;;7900;;;;;;;;;;
7707232091877;JABON FRESHLY ANTIGNE BARRA B X 90 GR - NATURAL FRESHLY (12);;1;;;6125;;7900;;;;;;;;;;
77072361200078;LINCOMICINA 300 MG/1 ML X 1 AMP - VITALIS (16);;2;;;1793;;2500;;;;;;;;;;
7707236123239;BELLANEW (ESTRADIOL 1.5 MG / DIENOGEST 2.0 MG) X 28 TABS - LAFRANCOL -;;1;;;34243;;43000;;;;;;;;;;
709990706635;TRAMADOL 50 MG / 1 ML X 1 AMP - VITALIS (16);;3;;;1265;;2800;;;;;;;;;;
7702026182335;TOALLA NOSOTRAS INVISIBLE CLASICA MULTI ESTILO X 10 UDS + 2 TOALLAS;;1;;;4612;;6000;;;;;;;;;;
7703432426372;EXPODES (DESLORATADINA ) 5 MG X 10 TABS - EXPOFARMA (588);;2;;;4376;;6500;;;;;;;;;;
7707236123239;LINCOMICINA 600 MG/2 ML X 1 AMP - VITALIS (16);;2;;;1582;;2800;;;;;;;;;;
7707355401874;COPA MENSTRUAL TALLA L ADVANCE X 1 UDS -NEW TRADE (50);;1;;;17274;;23000;;;;;;;;;;
7703038067429;AMLODIPINO 5 MG X 300 TABS (MULTIPACK) - LAPROFF (80);;1;;;27617;1800sobre;33100;;;;;;;;;;
7509546657127;JABON LIQUIDO PALMOLIVE FLOR DE MANZANA Y GARDENIA X 221 ML - COLGATE;;1;;;8442;;10900;;;;;;;;;;
7702184690789;BACTRODERM ALCOHOL CON GLICERINA X 58 ML - ECAR (117);;2;;;2847;;3700;;;;;;;;;;
7705959885557;HEDERA HELIX 0,79G JBE X 100 ML - GENFAR (84);;1;;;8967;;14500;;;;;;;;;;
811726001192;OMEGA 3, 6, 9 PRIME HEALT X 60 CAPS - NEW TRADE;;1;;;23379;;35000;;;;;;;;;;
7702026185862;ELIMINADOR DE OLORES BAÑO FRUTA VERDE X 40 ML - FAMILIA (16);;1;;;2082;;3000;;;;;;;;;;
7702026180621;ELIMINADOR DE OLORES BAÑO LAVANDA X 40 ML - FAMILIA (16);;1;;;2082;;3000;;;;;;;;;;
7702027424113;TOALLA NOSOTRAS BUENAS NOCHES X 24 UNDS (6) FAMILI;;1;;;22101;1500toalla;28700;;;;;;;;;;
770355057279;HIPOGLOS CALENDULA TUBO X 60 GR - SIEGFRIED (104);;1;;;13060;;16900;;;;;;;;;;
7707772810303;VINAGRE DE MANZANA Y CIDRA X 375 ML - NATURAL FRESHLY;;1;;;16314;;20000;;;;;;;;;;
7702184012130;FEXOFENADINA 120 MG X 10 TABS - ECAR(450);;1;;;26363;;36000;;;;;;;;;;
7707232090535;JABON DE AZUFRE X 90 GR - NATURAL FRESHLY;;1;;;6447;;8400;;;;;;;;;;
7707232092164;ESENCIAS FLORALES ECHINACEA FC X 25 ML - NATURAL FRESHLY;;1;;;10830;;15100;;;;;;;;;;
7707232090313;ESENCIAS FLORALES BON RESCATE FC X 25 ML - NATURAL FRESHLY;;1;;;10289;;15100;;;;;;;;;;
7707232097206;REPELENTE SPRAY FLY FREE EXTREME NIÑOS X 120 ML - NATURAL FRESHLY;;1;;;14063;;21100;;;;;;;;;;
7707232091815;BHSN FORTE WITH BIOTINA FRASCO X 100 CAPSULAS - NATURAL FRESHLY;;1;;;21985;;30000;;;;;;;;;;
7703038943150;MOMETASONA FUROATO 0.1% TUBO X 15 G CREMA - LAPROFF (160);;1;;;9206;;15000;;;;;;;;;;
7702605111459;MELOXICAM 15 MG / 1.5 ML CAJA X 5 AMPOLLAS - GENFAR (96);;1;;;18340;4800ampolla;24000;;;;;;;;;;
7509546074122;CEPILLO DENTAL COLGATE KIDS X 1 UNID - COLGATE (48);;1;;;3563;;4500;;;;;;;;;;
7702027424113;TOALLA NOSOTRAS INVISIBLE RAPIGEL X 10 UNDS + 3 TAMPONES - FAMILIA;;1;;;0;;5400;;;;;;;;;;
7361819980017;ENEMATROL ORAL SABOR A LIMON X 133 CC -;;1;;;13657;;17600;;;;;;;;;;
7702605103744;(REGULADO)CANDESARTAN 16 MG X 14 TABS - GENFAR;;1;;;8331;;10800;;;;;;;;;;
7702605103720;(REGULADO)CANDESARTAN 8mg CAJA x 14 TABLETAS (48);;1;;;6776;;8800;;;;;;;;;;
77059598811221;(REGULADO)CARVEDILOL 12,5mg CAJA X 30 TABS - GENFAR (204);;1;;;15373;;19900;;;;;;;;;;
7702605108626;(REGULADO)CIPROFIBRATO 100mg CAJA X 20TAB - GENFAR (48);;1;;;15137;;19600;;;;;;;;;;
7702605105984;(REGULADO) DOMPERIDONA 10 MG X 20 TABS - GENFAR (48);;2;;;3200;;5100;;;;;;;;;;
5997001362723;(REGULADO) SIBILLA 2 MG/0,03 MG X 21 COMPRIMIDOS RECUBIERTOS(DIENOGEST / ETINILESTRADIOL ) - GEDEON;;1;;;10800;;16000;;;;;;;;;;
7707355055770;NOXPIRIN SOBRE CAJA X 24;;23;;;22886;1500 SOBRE;1500;;;;;;;;;;
7707145302855;vaselina;tarro x 240gr;2;;disanfer;5900;;7000;;;;;;;;;;
7702120010169;rosal ;papel higienico;52;;rosaplus;953;;1500;;;;;;;;;;
7702057074456;irbersantan 300mg;caja x 14 tabl;1;;mk;14180;;17000;;;;;;;;;;
3838957043231;irbersantan 150 mg;caja x 30tab;1;;sandoz;14466;;17500;;;;;;;;;;
7703153035273;vitamina e 400ui;caja x 15 sobres;1;;procaps;52487;4200 sobre;62900;;;;;;;;;;
772132004606;chapstick medicado;labial ;2;;pfizer;9593;;13400;;;;;;;;;;
7702123006787;alka-seltzer;caja x 60 tabletas;1;;bayer;41788;1800 sobre;54324;;;;;;;;;;
7709525706871;asmepoc;ihnalador;1;;ophalc;11210;;13400;;;;;;;;;;
7706263200371;calmidol;caja x6 tabletas;2;;sanofi;7947;solo caja;8750;;;;;;;;;;
7702870001745;sevedol ;caja x12table;2;;abbot;11615;2500 sobre;13900;;;;;;;;;;
7702870071854;gastrum sobres;sachets;1;;la francol;15700;2200 sobre;18800;;;;;;;;;;
7707019469820;lamtodil;caja x 16  table;2;;labquifar;8719;3500x 4tab;10500;;;;;;;;;;
7702123012221;cafiaspirina;caja 12 table;1;;bayer;11173;2800sobre;14524;;;;;;;;;;
7702425808058;kotex;caja kotex x 12;1;;kotex;8001;;10400;;;;;;;;;;
77072888264430;quetiapina 100 mg;caja 100mgx 30;1;;humax;24008;13000sobre;30000;;;;;;;;;;
123;admiss esmalte;frasco;22;;;2449;;3500;;;;;;;;;;
1234;esmalte rother;frasco;6;;rother;2578;;3800;;;;;;;;;;
7702057160999;noraver noche x 24;caja ;1;;mk;51433;2500sobre;61719;;;;;;;;;;
7707355053356;noxpirin jarabe junior;frasc 60ml;2;;sinfried;6890;;9000;;;;;;;;;;
7707397791223;sensodyne;crema 90mg;4;;glaxo;12465;;16800;;;;;;;;;;
7707355;noxpirin  caliente;caja x 24;1;;sinfried;22864;1500 sobre;1500;;;;;;;;;;
7703038010067;ambroxol pediatrico;jarabe 15mg x120ml;2;;laproff;4402;;6200;;;;;;;;;;
7702560042058;cepillo fluocarden;unidad;12;;jgb;1513;;2100;;;;;;;;;;
7703445103109;fluimucil 2%;jarabe x 120ml;1;;zambon;17680;;20300;;;;;;;;;;
7707300932200;gorro acordeon;bolsa ;12;;;3796;500  c/u;500;;;;;;;;;;
7707270361222;jeringa;caja x100;100;;medipo;24908;500;500;;;;;;;;;;
7707232095769;mieltertos;caja x 12 sobres;24;;natural fresly;16157;2400sobre;24000;;;;;;;;;;
7501298217536;neurobion x 3 ;ampollas;1;;merck;39624;15000;43586;;;;;;;;;;
7707355053400;noxpirin ultra adulto;jarabe;2;;sinfried;9331;;11700;;;;;;;;;;
7702870504918;posday;caja x 4;3;;la francol;10861;;13500;;;;;;;;;;
7709137132273;procilus;caja 10 sobres;1;;bionutrec;35074;4200sobre;43800;;;;;;;;;;
7707274721206;sacrucyt;ahnalador;2;;bcn medical;11543;;13800;;;;;;;;;;
7506309866505;vicK ;cja 24 sobres;1;;vick;41905;;2000;;;;;;;;;;
3582910009900;enterogermina;cja x 10;3;;sanofi;59300;6800unidad;68700;;;;;;;;;;
7702870002728;postday;cja x2;2;;lafrancol;9500;;14200;;;;;;;;;;
7703712014541;gastro full;cja  x 24;1;;coasfharma;23600;1500 sobre;1500;;;;;;;;;;
7707019350227;bronsinex;jarb;2;;bioquifar;11000;;13000;;;;;;;;;;
7703006303344;acnicrem;crema;2;;america sa;12700;;15800;;;;;;;;;;
7703153018757; sertralina;tabletas;1;;colmed;9900;;20000;;;;;;;;;;
7703763847440;omeprazol 20mg la sante 100 capsulas;;1;;lasante;13696;3000 sobre;19100;;;;;;;;;;
328785108750;termometro digital vick;;1;;vick;12420;;17400;;;;;;;;;;
7702026478582;pañal tena  slip  large;;1;;Tena;8777;;9300;;;;;;;;;;
7702026144296;pañal tena medium;;1;;Tena;11096;;13300;;;;;;;;;;
7702026478575;pañal tena medio;;1;;Tena;7768;;10500;;;;;;;;;;
7702027440175;Protec Lacti nosotras;;3;;Nosotras;3974;;7000;;;;;;;;;;
7500435107020;vaporud lata ;;12;;vick;42589;4700 lata;56400;;;;;;;;;;
7501125176494;electrolit manzana;;3;;;4993;;6500;;;;;;;;;;
7501125176487;electrolit lima limon;;2;;;4993;;6500;;;;;;;;;;
7501125176470;electrolit fresa;;2;;;4993;;6500;;;;;;;;;;
7501125175600;electrolit naranja mandarina;;3;;;4993;;6500;;;;;;;;;;
7702132004460;mareol caja x 12 tabletas;;1;;;5197;1200 x 2 tab;1200;;;;;;;;;;
7705959012663;doxiciclina 100mg ;;1;;genfar;5382;;6900;;;;;;;;;;
770368900448;cyclofem ampolla ;ampolla;1;;profamilia;16211;;19500;;;;;;;;;;
7702057076153;verapamilo 120mg x 30;tabl;12;;mk;1100;;4300;;;;;;;;;;
7702605103133;sildenafil 50mg x 2 ta;;11;;AG;;;4300;;;;;;;;;;
7704412179295;sildenafil 50mg x 2 ta ;;;;menphis;1273;1700 caja;1700;;;;;;;;;;
7703153039172;minoxidil forte 5%;frasco;1;;colmed;37016;;51000;;;;;;;;;;
7705959885786;minoxidil 2% ;frasco;1;;genfar;20555;;26600;;;;;;;;;;
7704588003721;tranexam tabletas;tabl;1;;;27190;;30500;;;;;;;;;;
7702605102358;piroxicam 5% x 40 mg;gel;1;;genfar;8846;;13300;;;;;;;;;;
7702605101245;fluconazol150cja x1 tab;tabl;1;;genfar;1871;;2400;;;;;;;;;;
7702605101245;omeprazol 20mg x 10tabl;;1;;       ;0;0;0;;;;;;;;;;
7702057645809;alcohol gel mk 45ml;frasco;1;;mk;3670;;4700;;;;;;;;;;
7709990384949;unesia tubo 2gr;crema;1;;genoma;19933;;22000;;;;;;;;;;
7709990087000;olvision oftalmico  (olopatadina 2%);solucion;1;;;19164;;26800;;;;;;;;;;
7709830535807;nafvision (nafazolina;gota;1;;;3945;;9700;;;;;;;;;;
7707236127657;tobravision (tobramicina;gotas;1;;;9694;;19400;;;;;;;;;;
7707236129033;cromovital 40mg;gotas;1;;;9017;;12600;;;;;;;;;;
7500435107013;vick vaporud 50gr;tarro;1;;;14605;;16800;;;;;;;;;;
7703038065616;salbutamol jarabe ;frasco;1;;;2532;;5100;;;;;;;;;;
7707019476507;salydrat suero;sobres;25;;;31141;2000 sobre;2000;;;;;;;;;;
7703153018757;sertralina 50mg cja x 10 tabletas;cja;4;;;9996;;20000;;;;;;;;;;
7707141349304;clorururo de sodio 500ml;bolsa;2;;;2140;;3200;;;;;;;;;;
7704588000027;alsucral 1gramo;tabl;1;;;27190;;31000;;;;;;;;;;
7702605104079;sulfadiazina de plata 1% 30gra;crema;1;;genfar;10313;;13400;;;;;;;;;;
7702605103652;sulfadiazina de plata 1% 15gra;crema;1;;genfar;6826;;8800;;;;;;;;;;
7703712030596;trimetropin 16/800mg cja x 10 tab;table;1;;coaspharma;3685;;7400;;;;;;;;;;
7404412296053;trimetropin 16/800mg cja x 20 tab;table;1;;menphis;6496;;9700;;;;;;;;;;
7702184020173;trimetropin 200mg 5ml fra 60ml;frasco;1;;ecar;3004;;6000;;;;;;;;;;
7702605102884;Trimebutina 200 caja x30;caja;1;;genfar;15556;;21700;;;;;;;;;;
7704412186408;Trimebutina 200 caja x30;caja;2;;memphins;10871;;17000;;;;;;;;;;
7705959002008;Sulfasalazina 500g x10;caja;1;;genfar;12368;;15500;;;;;;;;;;
8687428010578;Tadalafilo 20ml x1;caja;1;;;5363;;8900;;;;;;;;;;
7702605103300;tramadol 100ml gotas;gotas;6;;genfar;3598;;9600;;;;;;;;;;
7702605102624;Tinidazol 500g caja x8 ;caja;1;;genfar;3735;;4800;;;;;;;;;;
7702605102617;Tinidazol 1g caja x4;caja;1;;genfar;2944;;3800;;;;;;;;;;
7703763282012;Timolol gotas 5ml;gotas;2;;sante;8582;;12000;;;;;;;;;;
79636260032;Acido valproico 20;caja;1;;;7050;;11000;;;;;;;;;;
77040412165816;Losartan de 50g;caja;1;;memphins;5651;;6700;;;;;;;;;;
7702635196983;Metformina 850g x30;caja;1;;Ag;10561;;15200;;;;;;;;;;
7707236123796;metoclopramida 10ml ampolla;ampolla;1;;vitals;2592;;5000;;;;;;;;;;
7702605101795;metronidazol 500g x 100;caja;1;;genfar;14103;2200 sobre;22000;;;;;;;;;;
7703153007102;Metronidazol ovulos;;1;;colmed;6088;;7900;;;;;;;;;;
7702184020142;Metronidazol 125ml frasco x 120ml;frasco;1;;ecar;5955;;7700;;;;;;;;;;
7702605101948;Naproxeno 500ml x 10;caja;1;;genfar;5415;;7000;;;;;;;;;;
7706569001443;Naproxeno 250g x 10;caja;6;;ag;1982;;4200;;;;;;;;;;
7706569001450;Naproxeno 500g x10;caja;6;;ag;3988;;6300;;;;;;;;;;
7702057320904;Naproxeno 550g x10;caja;1;;mk;8716;;10500;;;;;;;;;;
7703153023621;Nistatina oxido zinc tubo 60g;tubo;1;;colmed;13735;;19300;;;;;;;;;;
7703763847440;Omeprazol 20g x 100;caja;1;;;13696;2500 sobre;2500;;;;;;;;;;
7703712031463;Propanolol 40g x 20;caja;2;;coasp;1447;;7600;;;;;;;;;;
7707274721206;Sacrusyt 100 mcg 200dosis;inhalador;2;;;11580;;13800;;;;;;;;;;
7703153016050;clotrimazol 100mg caja x 10;ovulos;2;;colm;9304;;13000;;;;;;;;;;
7702433291910;Corrector crema barra beige;barra;1;;;6329;;9000;;;;;;;;;;
7861073963455;Colloplus frasco 10ml gotas;gotas;1;;;24253;;28000;;;;;;;;;;
7702113037852;bloqueador tanga crema spf 60 kids 150ml;frasco;1;;tanga;34937;;48000;;;;;;;;;;
7702113038378;bloqueador tanga crema spf 50 facial frasco 50ml;tubo;1;;tanga;22768;;32000;;;;;;;;;;
7702044218771;Nude protector spf 30 porta;tubo;1;;;10511;;14000;;;;;;;;;;
7702186021758;Polvo compacto 3 nailen;polvo;2;;;5973;;7500;;;;;;;;;;
7702195104572;Cremoquinona 4% tubo 30g;;1;;;23236;;27000;;;;;;;;;;
7702044217712;pestañina vitu;pestañina;1;;vitu;4936;;7000;;;;;;;;;;
7702186020515;polvo compacto filtro solar 4;;1;;naile;6815;;9500;;;;;;;;;;
7702186020508;polvo compacto filtro solar 3;;1;;naile;6815;;9500;;;;;;;;;;
7706569020079;Sildenafil masticable 50m 2 tabletas;caja;3;;;2690;;5800;;;;;;;;;;
7702057058203;Yodosalil pote 30g;unguento;1;;mk;14640;;17000;;;;;;;;;;
7707176460371;Arnica pote 60g;crema ;1;;;15201;;21900;;;;;;;;;;
736085278507;Manzanilla ofteno 15ml;frasco gotas;1;;;16106;;19300;;;;;;;;;;
7702184130162;Vitamina B 12 inyectable;ampolla;1;;ecar;7367;;10800;;;;;;;;;;
7702057168070;Noraver garganta cereza 96tabletas;caja;1;;noraver;129448;8800 sobre;140800;;;;;;;;;;
7702132011062;Centrum Silver caja 100 tabletas ;tabletas pote;1;;centrum;60613;;72700;;;;;;;;;;
7451079001529;Dolex gripa caja 100 tabletas;caja;1;;dolex;73904;2600 sobre;100000;;;;;;;;;;
650240057441;X ray gel nueva formula tubo 30g;tubo gel;1;;;19505;;23400;;;;;;;;;;
650240028199;x ray dol caja 12 tabletas;;;;;14556;;17200;;;;;;;;;;
7501303010701;Baycuten n crema 20g;;;;;22634;;24800;;;;;;;;;;
7891010031046;aceite jhonson origianl 100ml ;aceite;1;;;7725;;9500;;;;;;;;;;
7702031132844;aceite jhonson origianl 50 ml;;;;;3862;;5300;;;;;;;;;;
7702605100156;Aciclovir 5% unguento ;unguento;1;;genfar;7585;;11200;;;;;;;;;;
7706569000019;Albendazol 200mg 2 tabletas;tabletas;3;;ag;1715;;2500;;;;;;;;;;
7703038050063;Amitriptilina 25mg;caja tabletas;1;;laproff;33790;;2300;;;;;;;;;;
7707228362080;Cinta quirurgica 4x2 fixosafe;rollo;1;;Fixosafe;9396;;12500;;;;;;;;;;
7707228362066;Cinta quirurgica 2x2 fixosafe;rollo;1;;fixosafe;3341;;4500;;;;;;;;;;
7707282991219;Esperadrapo tela 1/2x5y;caja rollos;1;;begut;31635;3700unidad;44400;;;;;;;;;;
7707282991226;esparadrapo de tela 1x1;caja rollos;1;;begut;19614;2500unidad;30000;;;;;;;;;;
7707282990991;Gasas 3x3;caja sobres;1;;begut;20563;700unidad;35000;;;;;;;;;;
7705471700048;Manteca de cacao;labial;2;;athos;1797;;2500;;;;;;;;;;
7702870070888;Sevedol extra fuerte;caja;1;;abott;78808;3200x2tab;96000;;;;;;;;;;
7707229971113;suero fisiologico de 100ml 0,9% ;bolsa;3;;;2341;;3200;;;;;;;;;;
7702026180607;Tampones nosotras super oferta sin aplicador;caja;2;;nosotras;12589;;15700;;;;;;;;;;
7891010254773;Tampones ob;caja;3;;ob;6055;;7500;;;;;;;;;;
7707355056814;Noxpirin sinus 72 tabletas;caja;1;;siegriefd;37697;3000 sobre;54000;;;;;;;;;;
7705959005009;Colestiramina 15 sobres;caja;1;;genfar;64309;;77000;;;;;;;;;;
7703038050018;Acetaminofen 500mg;caja;1;;laproof;17309;1000 sobre;30000;;;;;;;;;;
7707277580459;multi soluter;caja;1;;opharm;10403;;12400;;;;;;;;;;
7501007492568;head y shoulders;tira;1;;pyg;6700;1500 sobre;18000;;;;;;;;;;
7702031407225;Jabon cremoso jhonson baby;jabon;3;;;8730;;11300;;;;;;;;;;
7702132004606;chapstick medicado;;2;;;9593;;13500;;;;;;;;;;
7705137100151;alcohol osa 120ml;frasco;1;;;1536;;2200;;;;;;;;;;
7705137100113;alcohol osa 700ml;frasco;4;;;4202;;5200;;;;;;;;;;
7701021115706;wuinny ultratim 1 x 30;paquete;1;;;18100;;;;;;;;;;;;
7701021115805;wuinny ultratim 2 x 30;paquete;2;;;21600;;;;;;;;;;;;
7701021111821;wuinny ultratim 3 x 30;paquete;2;;;25700;900und;900;;;;;;;;;;
7701021118332;wuinny ultratim 4 x 16;paquete;1;;;17600;;;;;;;;;;;;
7701021114006;wuinny ultratim 4 x 30;paquete;1;;;31500;1100 und;1100;;;;;;;;;;
7701021118356;wuinny ultratim 5x 16;paquete;1;;;19300;;;;;;;;;;;;
7701021114174;wuinny ultratim 5x 30;paquete;1;;;34600;;;;;;;;;;;;
7701021144829;wuinny sensitive 0 x 30;paquete;1;;;15700;;;;;;;;;;;;
7701021118103;wuinny gold 3 x 30;paquete;1;;;29700;;;;;;;;;;;;
7701021118172;wuinny gold 4 x 30;paquete;1;;;37700;;;;;;;;;;;;
7701021118202;wuinny gold 5x 30;paquete;1;;;39200;;;;;;;;;;;;
7701021116635;wuinny pants 4 x 30;paquete;1;;;31500;;;;;;;;;;;;
7701021116666;wuinny pants 4 x 30;paquete;1;;;34600;;;;;;;;;;;;
7701021112224;wuinny kit RN  Bienvenida ;bolso;1;;;33200;;;;;;;;;;;;
7701021145949;toallitas wuinny x 100;paquete;3;;;8600;;;;;;;;;;;;
7701021118318;wuinny pants 30x 16;paquete;2;;;14300;;;;;;;;;;;;
77052269327;bisuteria aretes 1;par;6;;;2500;;5000;;;;;;;;;;
77052269328;bisuteria aretes 2;par;6;;;4000;;7000;;;;;;;;;;
77052269329;adoro;frasco;2;;;2500;;3600;;;;;;;;;;
77052269330;lima gruesa ;paquete;2;;;1200;;1700;;;;;;;;;;
77052269331;lima normal;;6;;;166;400und;400;;;;;;;;;;
77052269332;corta uñas grande;;12;;;1500;2500 und;2500;;;;;;;;;;
77052269333;corta uñas pequeño;;12;;;800;1600 und;1600;;;;;;;;;;
77052269333;perfilador;paquete;0;;;2000;1500und;4500;;;;;;;;;;
77052269334;brillo;;3;;;1500;3000;3000;;;;;;;;;;
77052269335;brillo rollon ;;3;;;1000;1800;1800;;;;;;;;;;
77052269336;labial magico;;3;;;1500;3000;3000;;;;;;;;;;
77052269337;base lisia ;;2;;;6500;10400;10400;;;;;;;;;;
77052269338;bamba flores grande;;6;;;2000;4000 und;4000;;;;;;;;;;
77052269339;par bamba;;4;;;1000;1000 und;2000;;;;;;;;;;
77052269340;pinza bebe;;6;;;6000;1800 und;1800;;;;;;;;;;
77052269341;caucho x 12;paquete;4;;;1500;300 und;300;;;;;;;;;;
77052269342;caucho x 6;paquete;2;;;1000;300 und;300;;;;;;;;;;
77052269343;cable telefono x 4;;1;;;3000;1100und;1100;;;;;;;;;;
77052269344;diademas perla ;;5;;;1500;2500 und;2500;;;;;;;;;;
77052269345;caimam grande ;;10;;;3000;1000 und;1000;;;;;;;;;;
77052269346;caimam envejecido;;10;;;960;1500 und;1500;;;;;;;;;;
77052269347;arete acero;;5;;;12000;3800 und;3800;;;;;;;;;;
77052269348;cable telefono blaco y negro;;4;;;2000;800 und;800;;;;;;;;;;
77052269349;mascarilla ;;7;;;2000;3600 uns;3600;;;;;;;;;;
77052269350;labial mate;;6;;;4000;7600 und;7600;;;;;;;;;;
77052269351;brillo magico;;6;;;3500;6700 und;6700;;;;;;;;;;
77052269352;lapiz  delineanador y cejas;;6;;;3500;8700;8700;;;;;;;;;;
77052269353;vaselina pequeña;;1;;;300;500 und;500;;;;;;;;;;
77052269354;tarro con aplicador sombra;;1;;;4800;400 und;400;;;;;;;;;;
77052269355;peine pqueño;;10;;;4800;800 und;800;;;;;;;;;;
77052269356;peine grande;;10;;;6000;1100 und;1100;;;;;;;;;;
77052269356;peine piojos;;10;;;3600;700 und;700;;;;;;;;;;
77052269356;peine cola vaton;;10;;;540;;100;;;;;;;;;;
77052269356;pata de crabra;;6;;;800;1500 und;1500;;;;;;;;;;
77052269356;palo de naranjo;;3;;;700;1400 paq;1400;;;;;;;;;;
77052269356;encrespador am ;;3;;;2800;5600;5600;;;;;;;;;;
77052269356;encrespador normal ;;6;;;1100;2500;2500;;;;;;;;;;
77052269356;peras de maqillaje;;5;;;2200;5000;500;;;;;;;;;;
7707228360062;gotero;;20;;;720;1100 und;;;;;;;;;;;
7705471700049;manteca de cacao generica;;12;;;166;500und;;;;;;;;;;;
7703889000552;trigentax;crema;1;20 gr;;25500;;25500;;;;;;;;;;
7702031361664;shampu johnson cabello claro;sobres;12;;;650;850und;850;;;;;;;;;;
77020313639722;shampu johnson cabello normal;sobres;12;20gr;;650;850uds;850;;;;;;;;;;
;;;;;;;;;;;;;;;;;;
;;;;;;;;;;;;;;;;;;
;;;;;;;;;;;;;;;;;;
;;;;;;;;;;;;;;;;;;
;;;;;;;;;;;;;;;;;;
;;;;;;;;;;;;;;;;;;
;;;;;;;;;;;;;;;;;;
;;;;;;;;;;;;;;;;;;
;;;;;;;;;;;;;;;;;;
;;;;;;;;;;;;;;;;;;
;;;;;;;;;;;;;;;;;;
;;;;;;;;;;;;;;;;;;
;;;;;;;;;;;;;;;;;;
;;;;;;;;;;;;;;;;;;
;;;;;;;;;;;;;;;;;;
;;;;;;;;;;;;;;;;;;
;;;;;;;;;;;;;;;;;;
;;;;;;;;;;;;;;;;;;
;;;;;;;;;;;;;;;;;;
;;;;;;;;;;;;;;;;;;
;;;;;;;;;;;;;;;;;;
;;;;;;;;;;;;;;;;;;
;;;;;;;;;;;;;;;;;;
;;;;;;;;;;;;;;;;;;
;;;;;;;;;;;;;;;;;;
;;;;;;;;;;;;;;;;;;
;;;;;;;;;;;;;;;;;;
;;;;;;;;;;;;;;;;;;
;;;;;;;;;;;;;;;;;;
;;;;;;;;;;;;;;;;;;
;;;;;;;;;;;;;;;;;;
;;;;;;;;;;;;;;;;;;
;;;;;;;;;;;;;;;;;;
;;;;;;;;;;;;;;;;;;
;;;;;;;;;;;;;;;;;;
;;;;;;;;;;;;;;;;;;
;;;;;;;;;;;;;;;;;;
;;;;;;;;;;;;;;;;;;
;;;;;;;;;;;;;;;;;;
;;;;;;;;;;;;;;;;;;
;;;;;;;;;;;;;;;;;;
;;;;;;;;;;;;;;;;;;
;;;;;;;;;;;;;;;;;;
;;;;;;;;;;;;;;;;;;
;;;;;;;;;;;;;;;;;;
;;;;;;;;;;;;;;;;;;
;;;;;;;;;;;;;;;;;;
;;;;;;;;;;;;;;;;;;
;;;;;;;;;;;;;;;;;;
;;;;;;;;;;;;;;;;;;
;;;;;;;;;;;;;;;;;;
;;;;;;;;;;;;;;;;;;
;;;;;;;;;;;;;;;;;;
;;;;;;;;;;;;;;;;;;
;;;;;;;;;;;;;;;;;;
;;;;;;;;;;;;;;;;;;
;;;;;;;;;;;;;;;;;;
;;;;;;;;;;;;;;;;;;
;;;;;;;;;;;;;;;;;;
;;;;;;;;;;;;;;;;;;
;;;;;;;;;;;;;;;;;;
;;;;;;;;;;;;;;;;;;
;;;;;;;;;;;;;;;;;;
;;;;;;;;;;;;;;;;;;
;;;;;;;;;;;;;;;;;;
;;;;;;;;;;;;;;;;;;
;;;;;;;;;;;;;;;;;;
;;;;;;;;;;;;;;;;;;
;;;;;;;;;;;;;;;;;;
;;;;;;;;;;;;;;;;;;
;;;;;;;;;;;;;;;;;;
;;;;;;;;;;;;;;;;;;
;;;;;;;;;;;;;;;;;;
;;;;;;;;;;;;;;;;;;
;;;;;;;;;;;;;;;;;;
;;;;;;;;;;;;;;;;;;
;;;;;;;;;;;;;;;;;;
;;;;;;;;;;;;;;;;;;
;;;;;;;;;;;;;;;;;;
;;;;;;;;;;;;;;;;;;
;;;;;;;;;;;;;;;;;;
;;;;;;;;;;;;;;;;;;
;;;;;;;;;;;;;;;;;;
;;;;;;;;;;;;;;;;;;
;;;;;;;;;;;;;;;;;;
;;;;;;;;;;;;;;;;;;
;;;;;;;;;;;;;;;;;;
;;;;;;;;;;;;;;;;;;
;;;;;;;;;;;;;;;;;;
;;;;;;;;;;;;;;;;;;
;;;;;;;;;;;;;;;;;;
;;;;;;;;;;;;;;;;;;
;;;;;;;;;;;;;;;;;;
;;;;;;;;;;;;;;;;;;
;;;;;;;;;;;;;;;;;;
;;;;;;;;;;;;;;;;;;
;;;;;;;;;;;;;;;;;;
;;;;;;;;;;;;;;;;;;
;;;;;;;;;;;;;;;;;;
;;;;;;;;;;;;;;;;;;
;;;;;;;;;;;;;;;;;;
;;;;;;;;;;;;;;;;;;
;;;;;;;;;;;;;;;;;;
;;;;;;;;;;;;;;;;;;
;;;;;;;;;;;;;;;;;;
;;;;;;;;;;;;;;;;;;
;;;;;;;;;;;;;;;;;;
;;;;;;;;;;;;;;;;;;
;;;;;;;;;;;;;;;;;;
;;;;;;;;;;;;;;;;;;
;;;;;;;;;;;;;;;;;;
;;;;;;;;;;;;;;;;;;
;;;;;;;;;;;;;;;;;;
;;;;;;;;;;;;;;;;;;
;;;;;;;;;;;;;;;;;;
;;;;;;;;;;;;;;;;;;
;;;;;;;;;;;;;;;;;;
;;;;;;;;;;;;;;;;;;
;;;;;;;;;;;;;;;;;;
;;;;;;;;;;;;;;;;;;
;;;;;;;;;;;;;;;;;;
;;;;;;;;;;;;;;;;;;
;;;;;;;;;;;;;;;;;;
;;;;;;;;;;;;;;;;;;
;;;;;;;;;;;;;;;;;;
;;;;;;;;;;;;;;;;;;
;;;;;;;;;;;;;;;;;;
;;;;;;;;;;;;;;;;;;
;;;;;;;;;;;;;;;;;;
;;;;;;;;;;;;;;;;;;
;;;;;;;;;;;;;;;;;;
;;;;;;;;;;;;;;;;;;
;;;;;;;;;;;;;;;;;;
;;;;;;;;;;;;;;;;;;
;;;;;;;;;;;;;;;;;;
;;;;;;;;;;;;;;;;;;
;;;;;;;;;;;;;;;;;;
;;;;;;;;;;;;;;;;;;
;;;;;;;;;;;;;;;;;;
;;;;;;;;;;;;;;;;;;
;;;;;;;;;;;;;;;;;;
;;;;;;;;;;;;;;;;;;
;;;;;;;;;;;;;;;;;;
;;;;;;;;;;;;;;;;;;
;;;;;;;;;;;;;;;;;;
;;;;;;;;;;;;;;;;;;
;;;;;;;;;;;;;;;;;;
;;;;;;;;;;;;;;;;;;
;;;;;;;;;;;;;;;;;;
;;;;;;;;;;;;;;;;;;
;;;;;;;;;;;;;;;;;;
;;;;;;;;;;;;;;;;;;
;;;;;;;;;;;;;;;;;;
;;;;;;;;;;;;;;;;;;
;;;;;;;;;;;;;;;;;;
;;;;;;;;;;;;;;;;;;
;;;;;;;;;;;;;;;;;;
;;;;;;;;;;;;;;;;;;
;;;;;;;;;;;;;;;;;;
;;;;;;;;;;;;;;;;;;
;;;;;;;;;;;;;;;;;;
;;;;;;;;;;;;;;;;;;
;;;;;;;;;;;;;;;;;;
;;;;;;;;;;;;;;;;;;
;;;;;;;;;;;;;;;;;;
;;;;;;;;;;;;;;;;;;
;;;;;;;;;;;;;;;;;;
;;;;;;;;;;;;;;;;;;
;;;;;;;;;;;;;;;;;;
;;;;;;;;;;;;;;;;;;
;;;;;;;;;;;;;;;;;;
;;;;;;;;;;;;;;;;;;
;;;;;;;;;;;;;;;;;;
;;;;;;;;;;;;;;;;;;
;;;;;;;;;;;;;;;;;;
;;;;;;;;;;;;;;;;;;
;;;;;;;;;;;;;;;;;;
;;;;;;;;;;;;;;;;;;
;;;;;;;;;;;;;;;;;;
;;;;;;;;;;;;;;;;;;
;;;;;;;;;;;;;;;;;;
;;;;;;;;;;;;;;;;;;
;;;;;;;;;;;;;;;;;;
;;;;;;;;;;;;;;;;;;
;;;;;;;;;;;;;;;;;;
;;;;;;;;;;;;;;;;;;
;;;;;;;;;;;;;;;;;;
;;;;;;;;;;;;;;;;;;
;;;;;;;;;;;;;;;;;;
;;;;;;;;;;;;;;;;;;
;;;;;;;;;;;;;;;;;;
;;;;;;;;;;;;;;;;;;
;;;;;;;;;;;;;;;;;;
;;;;;;;;;;;;;;;;;;
;;;;;;;;;;;;;;;;;;
;;;;;;;;;;;;;;;;;;
;;;;;;;;;;;;;;;;;;
;;;;;;;;;;;;;;;;;;
;;;;;;;;;;;;;;;;;;
;;;;;;;;;;;;;;;;;;
;;;;;;;;;;;;;;;;;;
;;;;;;;;;;;;;;;;;;
;;;;;;;;;;;;;;;;;;
;;;;;;;;;;;;;;;;;;
;;;;;;;;;;;;;;;;;;
;;;;;;;;;;;;;;;;;;
;;;;;;;;;;;;;;;;;;
;;;;;;;;;;;;;;;;;;
;;;;;;;;;;;;;;;;;;
;;;;;;;;;;;;;;;;;;
;;;;;;;;;;;;;;;;;;
;;;;;;;;;;;;;;;;;;
;;;;;;;;;;;;;;;;;;
;;;;;;;;;;;;;;;;;;
;;;;;;;;;;;;;;;;;;
;;;;;;;;;;;;;;;;;;
;;;;;;;;;;;;;;;;;;
;;;;;;;;;;;;;;;;;;
;;;;;;;;;;;;;;;;;;
;;;;;;;;;;;;;;;;;;
;;;;;;;;;;;;;;;;;;
;;;;;;;;;;;;;;;;;;
;;;;;;;;;;;;;;;;;;
;;;;;;;;;;;;;;;;;;
;;;;;;;;;;;;;;;;;;
;;;;;;;;;;;;;;;;;;
;;;;;;;;;;;;;;;;;;
;;;;;;;;;;;;;;;;;;
;;;;;;;;;;;;;;;;;;
;;;;;;;;;;;;;;;;;;
;;;;;;;;;;;;;;;;;;
;;;;;;;;;;;;;;;;;;
;;;;;;;;;;;;;;;;;;
;;;;;;;;;;;;;;;;;;
;;;;;;;;;;;;;;;;;;
;;;;;;;;;;;;;;;;;;
;;;;;;;;;;;;;;;;;;
;;;;;;;;;;;;;;;;;;
;;;;;;;;;;;;;;;;;;
;;;;;;;;;;;;;;;;;;
;;;;;;;;;;;;;;;;;;
;;;;;;;;;;;;;;;;;;
;;;;;;;;;;;;;;;;;;
;;;;;;;;;;;;;;;;;;
;;;;;;;;;;;;;;;;;;
;;;;;;;;;;;;;;;;;;
;;;;;;;;;;;;;;;;;;
;;;;;;;;;;;;;;;;;;
;;;;;;;;;;;;;;;;;;
;;;;;;;;;;;;;;;;;;
;;;;;;;;;;;;;;;;;;
;;;;;;;;;;;;;;;;;;
;;;;;;;;;;;;;;;;;;
;;;;;;;;;;;;;;;;;;
